<metadata xml:lang="en"><Esri><CreaDate>20210727</CreaDate><CreaTime>12440600</CreaTime><ArcGISFormat>1.0</ArcGISFormat><SyncOnce>FALSE</SyncOnce><DataProperties><lineage><Process ToolSource="c:\program files\arcgis\pro\Resources\ArcToolbox\toolboxes\Conversion Tools.tbx\FeatureClassToFeatureClass" Date="20210727" Time="124406">FeatureClassToFeatureClass USTMTAZ_2021_07_26 "C:\Users\rbrockmyer\OneDrive - Fehr &amp; Peers\Desktop\UDOT SE\UDOT_SEUPDATE_2021_2022\UDOT_SEUPDATE_2021_2022.gdb" USTMTAZ_2021_07_27 # "TAZID "TAZID" true true false 4 Long 0 0,First,#,USTMTAZ_2021_07_26,USTMTAZ_2021_07_26.TAZID,-1,-1;SA_TAZID "SA_TAZID" true true false 4 Long 0 0,First,#,USTMTAZ_2021_07_26,USTMTAZ_2021_07_26.SA_TAZID,-1,-1;CO_IDX "CO_IDX" true true false 4 Long 0 0,First,#,USTMTAZ_2021_07_26,USTMTAZ_2021_07_26.CO_IDX,-1,-1;CO_TAZID "CO_TAZID" true true false 4 Long 0 0,First,#,USTMTAZ_2021_07_26,USTMTAZ_2021_07_26.CO_TAZID,-1,-1;SUBAREAID "SUBAREAID" true true false 4 Long 0 0,First,#,USTMTAZ_2021_07_26,USTMTAZ_2021_07_26.SUBAREAID,-1,-1;ACRES "ACRES" true true false 8 Double 0 0,First,#,USTMTAZ_2021_07_26,USTMTAZ_2021_07_26.ACRES,-1,-1;DEVACRES "DEVACRES" true true false 8 Double 0 0,First,#,USTMTAZ_2021_07_26,USTMTAZ_2021_07_26.DEVACRES,-1,-1;DEVPBLEPCT "DEVPBLEPCT" true true false 8 Double 0 0,First,#,USTMTAZ_2021_07_26,USTMTAZ_2021_07_26.DEVPBLEPCT,-1,-1;X "X" true true false 8 Double 0 0,First,#,USTMTAZ_2021_07_26,USTMTAZ_2021_07_26.X,-1,-1;Y "Y" true true false 8 Double 0 0,First,#,USTMTAZ_2021_07_26,USTMTAZ_2021_07_26.Y,-1,-1;ADJ_XY "ADJ_XY" true true false 4 Long 0 0,First,#,USTMTAZ_2021_07_26,USTMTAZ_2021_07_26.ADJ_XY,-1,-1;CO_FIPS "CO_FIPS" true true false 4 Long 0 0,First,#,USTMTAZ_2021_07_26,USTMTAZ_2021_07_26.CO_FIPS,-1,-1;CO_NAME "CO_NAME" true true false 56 Text 0 0,First,#,USTMTAZ_2021_07_26,USTMTAZ_2021_07_26.CO_NAME,0,56;CITY_NAME "CITY_NAME" true true false 56 Text 0 0,First,#,USTMTAZ_2021_07_26,USTMTAZ_2021_07_26.CITY_NAME,0,56;DISTSUPER "DISTSUPER" true true false 4 Long 0 0,First,#,USTMTAZ_2021_07_26,USTMTAZ_2021_07_26.DISTSUPER,-1,-1;DSUP_NAME "DSUP_NAME" true true false 56 Text 0 0,First,#,USTMTAZ_2021_07_26,USTMTAZ_2021_07_26.DSUP_NAME,0,56;DISTLRG "DISTLRG" true true false 4 Long 0 0,First,#,USTMTAZ_2021_07_26,USTMTAZ_2021_07_26.DISTLRG,-1,-1;DLRG_NAME "DLRG_NAME" true true false 56 Text 0 0,First,#,USTMTAZ_2021_07_26,USTMTAZ_2021_07_26.DLRG_NAME,0,56;DISTMED "DISTMED" true true false 4 Long 0 0,First,#,USTMTAZ_2021_07_26,USTMTAZ_2021_07_26.DISTMED,-1,-1;DMED_NAME "DMED_NAME" true true false 56 Text 0 0,First,#,USTMTAZ_2021_07_26,USTMTAZ_2021_07_26.DMED_NAME,0,56;SORT "SORT" true true false 4 Long 0 0,First,#,USTMTAZ_2021_07_26,USTMTAZ_2021_07_26.SORT,-1,-1;DISTSML "DISTSML" true true false 4 Long 0 0,First,#,USTMTAZ_2021_07_26,USTMTAZ_2021_07_26.DISTSML,-1,-1;DSML_NAME "DSML_NAME" true true false 56 Text 0 0,First,#,USTMTAZ_2021_07_26,USTMTAZ_2021_07_26.DSML_NAME,0,56;New_CO_TAZID "New_CO_TAZID" true true false 4 Long 0 0,First,#,USTMTAZ_2021_07_26,USTMTAZ_2021_07_26.New_CO_TAZID,-1,-1;Old_CO_TAZID "Old_CO_TAZID" true true false 4 Long 0 0,First,#,USTMTAZ_2021_07_26,USTMTAZ_2021_07_26.Old_CO_TAZID,-1,-1;SUBAREAID_1 "SUBAREAID" true true false 4 Long 0 0,First,#,USTMTAZ_2021_07_26,USTMTAZ_2021_07_26.SUBAREAID_1,-1,-1;CO_NAME_1 "CO_NAME" true true false 8000 Text 0 0,First,#,USTMTAZ_2021_07_26,USTMTAZ_2021_07_26.CO_NAME_1,0,8000;Split_Flag "Split_Flag" true true false 4 Long 0 0,First,#,USTMTAZ_2021_07_26,USTMTAZ_2021_07_26.Split_Flag,-1,-1;Notes "Notes" true true false 8000 Text 0 0,First,#,USTMTAZ_2021_07_26,USTMTAZ_2021_07_26.Notes,0,8000;Res_Cap_2010_2030 "Res Cap 2010-2030" true true false 8 Double 0 0,First,#,USTMTAZ_2021_07_26,USTMTAZ_2021_07_26.Res_Cap_2010_2030,-1,-1;Res_Cap_2030_2050 "Res Cap 2030-2050" true true false 8 Double 0 0,First,#,USTMTAZ_2021_07_26,USTMTAZ_2021_07_26.Res_Cap_2030_2050,-1,-1;Res_Cap_2050_2060 "Res Cap 2050-2060" true true false 8 Double 0 0,First,#,USTMTAZ_2021_07_26,USTMTAZ_2021_07_26.Res_Cap_2050_2060,-1,-1;Emp_Cap_2010_2030 "Emp Cap 2010-2030" true true false 8 Double 0 0,First,#,USTMTAZ_2021_07_26,USTMTAZ_2021_07_26.Emp_Cap_2010_2030,-1,-1;Emp_Cap_2030_2050_NM "Emp_Cap_2030_2050_NM" true true false 8 Double 0 0,First,#,USTMTAZ_2021_07_26,USTMTAZ_2021_07_26.Emp_Cap_2030_2050_NM,-1,-1;Emp_Cap_2050_2060_NM "Emp_Cap_2050_2060_NM" true true false 8 Double 0 0,First,#,USTMTAZ_2021_07_26,USTMTAZ_2021_07_26.Emp_Cap_2050_2060_NM,-1,-1;Sqft "Sqft" true true false 8 Double 0 0,First,#,USTMTAZ_2021_07_26,USTMTAZ_2021_07_26.Sqft,-1,-1;Devsqft "Devsqft" true true false 8 Double 0 0,First,#,USTMTAZ_2021_07_26,USTMTAZ_2021_07_26.Devsqft,-1,-1;HUCapDen_1030 "HUCapDen_1030" true true false 8 Double 0 0,First,#,USTMTAZ_2021_07_26,USTMTAZ_2021_07_26.HUCapDen_1030,-1,-1;HUCapDen_3050 "HUCapDen_3050" true true false 8 Double 0 0,First,#,USTMTAZ_2021_07_26,USTMTAZ_2021_07_26.HUCapDen_3050,-1,-1;HUCapDen_5060 "HUCapDen_5060" true true false 8 Double 0 0,First,#,USTMTAZ_2021_07_26,USTMTAZ_2021_07_26.HUCapDen_5060,-1,-1;EmpSqftCap_1030 "EmpSqftCap_1030" true true false 8 Double 0 0,First,#,USTMTAZ_2021_07_26,USTMTAZ_2021_07_26.EmpSqftCap_1030,-1,-1;EmpSqftCap_3050 "EmpSqftCap_3050" true true false 8 Double 0 0,First,#,USTMTAZ_2021_07_26,USTMTAZ_2021_07_26.EmpSqftCap_3050,-1,-1;EmpSqftCap_5060 "EmpSqftCap_5060" true true false 8 Double 0 0,First,#,USTMTAZ_2021_07_26,USTMTAZ_2021_07_26.EmpSqftCap_5060,-1,-1;RSEED_1020 "RSEED_1020" true true false 4 Long 0 0,First,#,USTMTAZ_2021_07_26,Transfer_SeedsGRSecHm.csv.RSEED_1020,-1,-1;RSEED_2030 "RSEED_2030" true true false 4 Long 0 0,First,#,USTMTAZ_2021_07_26,Transfer_SeedsGRSecHm.csv.RSEED_2030,-1,-1;RSEED_3050 "RSEED_3050" true true false 4 Long 0 0,First,#,USTMTAZ_2021_07_26,Transfer_SeedsGRSecHm.csv.RSEED_3050,-1,-1;RSEED_5060 "RSEED_5060" true true false 4 Long 0 0,First,#,USTMTAZ_2021_07_26,Transfer_SeedsGRSecHm.csv.RSEED_5060,-1,-1;ESEED_1020 "ESEED_1020" true true false 4 Long 0 0,First,#,USTMTAZ_2021_07_26,Transfer_SeedsGRSecHm.csv.ESEED_1020,-1,-1;ESEED_2030 "ESEED_2030" true true false 4 Long 0 0,First,#,USTMTAZ_2021_07_26,Transfer_SeedsGRSecHm.csv.ESEED_2030,-1,-1;ESEED3050 "ESEED3050" true true false 4 Long 0 0,First,#,USTMTAZ_2021_07_26,Transfer_SeedsGRSecHm.csv.ESEED3050,-1,-1;ESEED5060 "ESEED5060" true true false 4 Long 0 0,First,#,USTMTAZ_2021_07_26,Transfer_SeedsGRSecHm.csv.ESEED5060,-1,-1;RGFAC_1020 "RGFAC_1020" true true false 8 Double 0 0,First,#,USTMTAZ_2021_07_26,Transfer_SeedsGRSecHm.csv.RGFAC_1020,-1,-1;RGFAC_2030 "RGFAC_2030" true true false 8 Double 0 0,First,#,USTMTAZ_2021_07_26,Transfer_SeedsGRSecHm.csv.RGFAC_2030,-1,-1;RGFAC_3040 "RGFAC_3040" true true false 8 Double 0 0,First,#,USTMTAZ_2021_07_26,Transfer_SeedsGRSecHm.csv.RGFAC_3040,-1,-1;RGFAC_4050 "RGFAC_4050" true true false 8 Double 0 0,First,#,USTMTAZ_2021_07_26,Transfer_SeedsGRSecHm.csv.RGFAC_4050,-1,-1;RGFAC_5060 "RGFAC_5060" true true false 8 Double 0 0,First,#,USTMTAZ_2021_07_26,Transfer_SeedsGRSecHm.csv.RGFAC_5060,-1,-1;EGFAC_1020 "EGFAC_1020" true true false 4 Long 0 0,First,#,USTMTAZ_2021_07_26,Transfer_SeedsGRSecHm.csv.EGFAC_1020,-1,-1;EGFAC_2030 "EGFAC_2030" true true false 4 Long 0 0,First,#,USTMTAZ_2021_07_26,Transfer_SeedsGRSecHm.csv.EGFAC_2030,-1,-1;EGFAC_3040 "EGFAC_3040" true true false 4 Long 0 0,First,#,USTMTAZ_2021_07_26,Transfer_SeedsGRSecHm.csv.EGFAC_3040,-1,-1;EGFAC_4050 "EGFAC_4050" true true false 4 Long 0 0,First,#,USTMTAZ_2021_07_26,Transfer_SeedsGRSecHm.csv.EGFAC_4050,-1,-1;EGFAC_5060 "EGFAC_5060" true true false 4 Long 0 0,First,#,USTMTAZ_2021_07_26,Transfer_SeedsGRSecHm.csv.EGFAC_5060,-1,-1;CABIN_1020 "CABIN_1020" true true false 4 Long 0 0,First,#,USTMTAZ_2021_07_26,Transfer_SeedsGRSecHm.csv.CABIN_1020,-1,-1;CABIN_2030 "CABIN_2030" true true false 4 Long 0 0,First,#,USTMTAZ_2021_07_26,Transfer_SeedsGRSecHm.csv.CABIN_2030,-1,-1;CABIN_3040 "CABIN_3040" true true false 4 Long 0 0,First,#,USTMTAZ_2021_07_26,Transfer_SeedsGRSecHm.csv.CABIN_3040,-1,-1;CABIN_4050 "CABIN_4050" true true false 4 Long 0 0,First,#,USTMTAZ_2021_07_26,Transfer_SeedsGRSecHm.csv.CABIN_4050,-1,-1;CABIN_5060 "CABIN_5060" true true false 4 Long 0 0,First,#,USTMTAZ_2021_07_26,Transfer_SeedsGRSecHm.csv.CABIN_5060,-1,-1;CONDO_1020 "CONDO_1020" true true false 4 Long 0 0,First,#,USTMTAZ_2021_07_26,Transfer_SeedsGRSecHm.csv.CONDO_1020,-1,-1;CONDO_2030 "CONDO_2030" true true false 4 Long 0 0,First,#,USTMTAZ_2021_07_26,Transfer_SeedsGRSecHm.csv.CONDO_2030,-1,-1;CONDO_3040 "CONDO_3040" true true false 4 Long 0 0,First,#,USTMTAZ_2021_07_26,Transfer_SeedsGRSecHm.csv.CONDO_3040,-1,-1;CONDO_4050 "CONDO_4050" true true false 4 Long 0 0,First,#,USTMTAZ_2021_07_26,Transfer_SeedsGRSecHm.csv.CONDO_4050,-1,-1;CONDO_5060 "CONDO_5060" true true false 4 Long 0 0,First,#,USTMTAZ_2021_07_26,Transfer_SeedsGRSecHm.csv.CONDO_5060,-1,-1;HOTEL_1020 "HOTEL_1020" true true false 4 Long 0 0,First,#,USTMTAZ_2021_07_26,Transfer_SeedsGRSecHm.csv.HOTEL_1020,-1,-1;HOTEL_2030 "HOTEL_2030" true true false 4 Long 0 0,First,#,USTMTAZ_2021_07_26,Transfer_SeedsGRSecHm.csv.HOTEL_2030,-1,-1;HOTEL_3040 "HOTEL_3040" true true false 4 Long 0 0,First,#,USTMTAZ_2021_07_26,Transfer_SeedsGRSecHm.csv.HOTEL_3040,-1,-1;HOTEL_4050 "HOTEL_4050" true true false 4 Long 0 0,First,#,USTMTAZ_2021_07_26,Transfer_SeedsGRSecHm.csv.HOTEL_4050,-1,-1;HOTEL_5060 "HOTEL_5060" true true false 4 Long 0 0,First,#,USTMTAZ_2021_07_26,Transfer_SeedsGRSecHm.csv.HOTEL_5060,-1,-1" #</Process><Process ToolSource="c:\program files\arcgis\pro\Resources\ArcToolbox\toolboxes\Data Management Tools.tbx\UpdateSchema" Date="20210727" Time="133023">UpdateSchema "CIMDATA=&lt;CIMStandardDataConnection xsi:type='typens:CIMStandardDataConnection' xmlns:xsi='http://www.w3.org/2001/XMLSchema-instance' xmlns:xs='http://www.w3.org/2001/XMLSchema' xmlns:typens='http://www.esri.com/schemas/ArcGIS/2.7.0'&gt;&lt;WorkspaceConnectionString&gt;DATABASE=C:\Users\rbrockmyer\OneDrive - Fehr &amp;amp; Peers\Desktop\UDOT SE\UDOT_SEUPDATE_2021_2022\UDOT_SEUPDATE_2021_2022.gdb&lt;/WorkspaceConnectionString&gt;&lt;WorkspaceFactory&gt;FileGDB&lt;/WorkspaceFactory&gt;&lt;Dataset&gt;USTMTAZ_2021_07_27&lt;/Dataset&gt;&lt;DatasetType&gt;esriDTFeatureClass&lt;/DatasetType&gt;&lt;/CIMStandardDataConnection&gt;" &lt;operationSequence&gt;&lt;workflow&gt;&lt;AddField&gt;&lt;field_name&gt;NeedsCapReview&lt;/field_name&gt;&lt;field_type&gt;SHORT&lt;/field_type&gt;&lt;field_alias&gt;NeedsCapReview&lt;/field_alias&gt;&lt;field_is_nullable&gt;True&lt;/field_is_nullable&gt;&lt;field_is_required&gt;False&lt;/field_is_required&gt;&lt;/AddField&gt;&lt;/workflow&gt;&lt;/operationSequence&gt;</Process><Process ToolSource="c:\program files\arcgis\pro\Resources\ArcToolbox\toolboxes\Data Management Tools.tbx\UpdateSchema" Date="20210729" Time="162635">UpdateSchema "CIMDATA=&lt;CIMStandardDataConnection xsi:type='typens:CIMStandardDataConnection' xmlns:xsi='http://www.w3.org/2001/XMLSchema-instance' xmlns:xs='http://www.w3.org/2001/XMLSchema' xmlns:typens='http://www.esri.com/schemas/ArcGIS/2.7.0'&gt;&lt;WorkspaceConnectionString&gt;DATABASE=C:\Users\rbrockmyer\OneDrive - Fehr &amp;amp; Peers\Desktop\UDOT SE\UDOT_SEUPDATE_2021_2022\UDOT_SEUPDATE_2021_2022.gdb&lt;/WorkspaceConnectionString&gt;&lt;WorkspaceFactory&gt;FileGDB&lt;/WorkspaceFactory&gt;&lt;Dataset&gt;USTMTAZ_2021_07_27&lt;/Dataset&gt;&lt;DatasetType&gt;esriDTFeatureClass&lt;/DatasetType&gt;&lt;/CIMStandardDataConnection&gt;" &lt;operationSequence&gt;&lt;workflow&gt;&lt;AddField&gt;&lt;field_name&gt;CalvinReview&lt;/field_name&gt;&lt;field_type&gt;SHORT&lt;/field_type&gt;&lt;field_alias&gt;CalvinReview&lt;/field_alias&gt;&lt;field_is_nullable&gt;True&lt;/field_is_nullable&gt;&lt;field_is_required&gt;False&lt;/field_is_required&gt;&lt;/AddField&gt;&lt;/workflow&gt;&lt;workflow&gt;&lt;AddField&gt;&lt;field_name&gt;MaryReview&lt;/field_name&gt;&lt;field_type&gt;SHORT&lt;/field_type&gt;&lt;field_alias&gt;MaryReview&lt;/field_alias&gt;&lt;field_is_nullable&gt;True&lt;/field_is_nullable&gt;&lt;field_is_required&gt;False&lt;/field_is_required&gt;&lt;/AddField&gt;&lt;/workflow&gt;&lt;workflow&gt;&lt;AddField&gt;&lt;field_name&gt;ReviewNotes&lt;/field_name&gt;&lt;field_type&gt;TEXT&lt;/field_type&gt;&lt;field_length&gt;255&lt;/field_length&gt;&lt;field_alias&gt;ReviewNotes&lt;/field_alias&gt;&lt;field_is_nullable&gt;True&lt;/field_is_nullable&gt;&lt;field_is_required&gt;False&lt;/field_is_required&gt;&lt;/AddField&gt;&lt;/workflow&gt;&lt;/operationSequence&gt;</Process><Process ToolSource="c:\program files\arcgis\pro\Resources\ArcToolbox\toolboxes\Data Management Tools.tbx\UpdateSchema" Date="20210729" Time="173547">UpdateSchema "CIMDATA=&lt;CIMStandardDataConnection xsi:type='typens:CIMStandardDataConnection' xmlns:xsi='http://www.w3.org/2001/XMLSchema-instance' xmlns:xs='http://www.w3.org/2001/XMLSchema' xmlns:typens='http://www.esri.com/schemas/ArcGIS/2.7.0'&gt;&lt;WorkspaceConnectionString&gt;DATABASE=C:\Users\rbrockmyer\OneDrive - Fehr &amp;amp; Peers\Desktop\UDOT SE\UDOT_SEUPDATE_2021_2022\UDOT_SEUPDATE_2021_2022.gdb&lt;/WorkspaceConnectionString&gt;&lt;WorkspaceFactory&gt;FileGDB&lt;/WorkspaceFactory&gt;&lt;Dataset&gt;USTMTAZ_2021_07_27&lt;/Dataset&gt;&lt;DatasetType&gt;esriDTFeatureClass&lt;/DatasetType&gt;&lt;/CIMStandardDataConnection&gt;" &lt;operationSequence&gt;&lt;workflow&gt;&lt;AddField&gt;&lt;field_name&gt;RBReview&lt;/field_name&gt;&lt;field_type&gt;SHORT&lt;/field_type&gt;&lt;field_alias&gt;RBReview&lt;/field_alias&gt;&lt;field_is_nullable&gt;True&lt;/field_is_nullable&gt;&lt;field_is_required&gt;False&lt;/field_is_required&gt;&lt;/AddField&gt;&lt;/workflow&gt;&lt;/operationSequence&gt;</Process><Process ToolSource="c:\program files\arcgis\pro\Resources\ArcToolbox\toolboxes\Data Management Tools.tbx\CalculateField" Date="20210729" Time="174036">CalculateField USTMTAZ_2021_07_27_ForReview CalvinReview 0 "Python 3" # Text</Process><Process ToolSource="c:\program files\arcgis\pro\Resources\ArcToolbox\toolboxes\Data Management Tools.tbx\CalculateField" Date="20210729" Time="174046">CalculateField USTMTAZ_2021_07_27_ForReview MaryReview 0 "Python 3" # Text</Process><Process ToolSource="c:\program files\arcgis\pro\Resources\ArcToolbox\toolboxes\Data Management Tools.tbx\CalculateField" Date="20210729" Time="174108">CalculateField USTMTAZ_2021_07_27_ForReview MaryReview 1 "Python 3" # Text</Process><Process ToolSource="c:\program files\arcgis\pro\Resources\ArcToolbox\toolboxes\Data Management Tools.tbx\CalculateField" Date="20210729" Time="174155">CalculateField USTMTAZ_2021_07_27_ForReview CalvinReview 1 "Python 3" # Text</Process><Process ToolSource="c:\program files\arcgis\pro\Resources\ArcToolbox\toolboxes\Data Management Tools.tbx\UpdateSchema" Date="20210730" Time="091134">UpdateSchema "CIMDATA=&lt;CIMStandardDataConnection xsi:type='typens:CIMStandardDataConnection' xmlns:xsi='http://www.w3.org/2001/XMLSchema-instance' xmlns:xs='http://www.w3.org/2001/XMLSchema' xmlns:typens='http://www.esri.com/schemas/ArcGIS/2.7.0'&gt;&lt;WorkspaceConnectionString&gt;DATABASE=C:\Users\rbrockmyer\OneDrive - Fehr &amp;amp; Peers\Desktop\UDOT SE\UDOT_SEUPDATE_2021_2022\UDOT_SEUPDATE_2021_2022.gdb&lt;/WorkspaceConnectionString&gt;&lt;WorkspaceFactory&gt;FileGDB&lt;/WorkspaceFactory&gt;&lt;Dataset&gt;USTMTAZ_2021_07_27&lt;/Dataset&gt;&lt;DatasetType&gt;esriDTFeatureClass&lt;/DatasetType&gt;&lt;/CIMStandardDataConnection&gt;" &lt;operationSequence&gt;&lt;workflow&gt;&lt;AddField&gt;&lt;field_name&gt;ReviewAssignment&lt;/field_name&gt;&lt;field_type&gt;TEXT&lt;/field_type&gt;&lt;field_length&gt;15&lt;/field_length&gt;&lt;field_alias&gt;ReviewAssignment&lt;/field_alias&gt;&lt;field_is_nullable&gt;True&lt;/field_is_nullable&gt;&lt;field_is_required&gt;False&lt;/field_is_required&gt;&lt;/AddField&gt;&lt;/workflow&gt;&lt;/operationSequence&gt;</Process><Process ToolSource="c:\program files\arcgis\pro\Resources\ArcToolbox\toolboxes\Data Management Tools.tbx\CalculateField" Date="20210730" Time="144712">CalculateField USTMTAZ_2021_07_27_ForReview Res_Cap_2010_2030 247/2 "Python 3" # Text</Process><Process ToolSource="c:\program files\arcgis\pro\Resources\ArcToolbox\toolboxes\Data Management Tools.tbx\CalculateField" Date="20210730" Time="144748">CalculateField USTMTAZ_2021_07_27_ForReview Emp_Cap_2010_2030 171/2 "Python 3" # Text</Process><Process ToolSource="c:\program files\arcgis\pro\Resources\ArcToolbox\toolboxes\Data Management Tools.tbx\CalculateField" Date="20210730" Time="144838">CalculateField USTMTAZ_2021_07_27_ForReview Res_Cap_2010_2030 593/2 "Python 3" # Text</Process><Process ToolSource="c:\program files\arcgis\pro\Resources\ArcToolbox\toolboxes\Data Management Tools.tbx\CalculateField" Date="20210730" Time="144907">CalculateField USTMTAZ_2021_07_27_ForReview Emp_Cap_2010_2030 285/2 "Python 3" # Text</Process><Process ToolSource="c:\program files\arcgis\pro\Resources\ArcToolbox\toolboxes\Data Management Tools.tbx\CalculateField" Date="20210730" Time="145124">CalculateField USTMTAZ_2021_07_27_ForReview Res_Cap_2010_2030 649/3 "Python 3" # Text</Process><Process ToolSource="c:\program files\arcgis\pro\Resources\ArcToolbox\toolboxes\Data Management Tools.tbx\CalculateField" Date="20210730" Time="145214">CalculateField USTMTAZ_2021_07_27_ForReview Emp_Cap_2010_2030 125/3 "Python 3" # Text</Process><Process ToolSource="c:\program files\arcgis\pro\Resources\ArcToolbox\toolboxes\Data Management Tools.tbx\CalculateField" Date="20210730" Time="145332">CalculateField USTMTAZ_2021_07_27_ForReview Res_Cap_2010_2030 290/2 "Python 3" # Text</Process><Process ToolSource="c:\program files\arcgis\pro\Resources\ArcToolbox\toolboxes\Data Management Tools.tbx\CalculateField" Date="20210730" Time="145425">CalculateField USTMTAZ_2021_07_27_ForReview Emp_Cap_2010_2030 123/2 "Python 3" # Text</Process><Process ToolSource="c:\program files\arcgis\pro\Resources\ArcToolbox\toolboxes\Data Management Tools.tbx\CalculateField" Date="20210730" Time="152305">CalculateField USTMTAZ_2021_07_27_ForReview Res_Cap_2010_2030 4*!DEVACRES! "Python 3" # Text</Process><Process ToolSource="c:\program files\arcgis\pro\Resources\ArcToolbox\toolboxes\Data Management Tools.tbx\CalculateField" Date="20210730" Time="152327">CalculateField USTMTAZ_2021_07_27_ForReview Res_Cap_2030_2050 !Res_Cap_2010_2030! "Python 3" # Text</Process><Process ToolSource="c:\program files\arcgis\pro\Resources\ArcToolbox\toolboxes\Data Management Tools.tbx\CalculateField" Date="20210730" Time="152412">CalculateField USTMTAZ_2021_07_27_ForReview Res_Cap_2050_2060 !Res_Cap_2030_2050! "Python 3" # Text</Process><Process ToolSource="c:\program files\arcgis\pro\Resources\ArcToolbox\toolboxes\Data Management Tools.tbx\CalculateField" Date="20210730" Time="160633">CalculateField USTMTAZ_2021_07_27_ForReview Res_Cap_2010_2030 "1.2 * !DEVACRES!" "Python 3" # Text</Process><Process ToolSource="c:\program files\arcgis\pro\Resources\ArcToolbox\toolboxes\Data Management Tools.tbx\CalculateField" Date="20210730" Time="160653">CalculateField USTMTAZ_2021_07_27_ForReview Res_Cap_2030_2050 "1.2 * !DEVACRES!" "Python 3" # Text</Process><Process ToolSource="c:\program files\arcgis\pro\Resources\ArcToolbox\toolboxes\Data Management Tools.tbx\CalculateField" Date="20210730" Time="160715">CalculateField USTMTAZ_2021_07_27_ForReview Res_Cap_2050_2060 "1.2 * !DEVACRES!" "Python 3" # Text</Process><Process ToolSource="c:\program files\arcgis\pro\Resources\ArcToolbox\toolboxes\Data Management Tools.tbx\CalculateField" Date="20210730" Time="161158">CalculateField USTMTAZ_2021_07_27_ForReview Res_Cap_2010_2030 51/2 "Python 3" # Text</Process><Process ToolSource="c:\program files\arcgis\pro\Resources\ArcToolbox\toolboxes\Data Management Tools.tbx\CalculateField" Date="20210730" Time="161205">CalculateField USTMTAZ_2021_07_27_ForReview Res_Cap_2010_2030 51/3 "Python 3" # Text</Process><Process ToolSource="c:\program files\arcgis\pro\Resources\ArcToolbox\toolboxes\Data Management Tools.tbx\CalculateField" Date="20210730" Time="161219">CalculateField USTMTAZ_2021_07_27_ForReview Res_Cap_2030_2050 51/3 "Python 3" # Text</Process><Process ToolSource="c:\program files\arcgis\pro\Resources\ArcToolbox\toolboxes\Data Management Tools.tbx\CalculateField" Date="20210730" Time="161231">CalculateField USTMTAZ_2021_07_27_ForReview Res_Cap_2050_2060 51/3 "Python 3" # Text</Process><Process ToolSource="c:\program files\arcgis\pro\Resources\ArcToolbox\toolboxes\Data Management Tools.tbx\CalculateField" Date="20210730" Time="161315">CalculateField USTMTAZ_2021_07_27_ForReview Res_Cap_2010_2030 .03*!DEVACRES! "Python 3" # Text</Process><Process ToolSource="c:\program files\arcgis\pro\Resources\ArcToolbox\toolboxes\Data Management Tools.tbx\CalculateField" Date="20210730" Time="161329">CalculateField USTMTAZ_2021_07_27_ForReview Res_Cap_2010_2030 .003*!DEVACRES! "Python 3" # Text</Process><Process ToolSource="c:\program files\arcgis\pro\Resources\ArcToolbox\toolboxes\Data Management Tools.tbx\CalculateField" Date="20210803" Time="135355">CalculateField USTMTAZ_2021_07_27_ForReview Res_Cap_2010_2030 110/4 "Python 3" # Text</Process><Process ToolSource="c:\program files\arcgis\pro\Resources\ArcToolbox\toolboxes\Data Management Tools.tbx\CalculateField" Date="20210803" Time="135422">CalculateField USTMTAZ_2021_07_27_ForReview Emp_Cap_2010_2030 250/4 "Python 3" # Text</Process><Process ToolSource="c:\program files\arcgis\pro\Resources\ArcToolbox\toolboxes\Data Management Tools.tbx\CalculateField" Date="20210803" Time="135645">CalculateField USTMTAZ_2021_07_27_ForReview Res_Cap_2010_2030 175/4 "Python 3" # Text</Process><Process ToolSource="c:\program files\arcgis\pro\Resources\ArcToolbox\toolboxes\Data Management Tools.tbx\CalculateField" Date="20210803" Time="140845">CalculateField USTMTAZ_2021_07_27_ForReview Res_Cap_2010_2030 45*2 "Python 3" # Text</Process><Process ToolSource="c:\program files\arcgis\pro\Resources\ArcToolbox\toolboxes\Data Management Tools.tbx\CalculateField" Date="20210803" Time="140858">CalculateField USTMTAZ_2021_07_27_ForReview Res_Cap_2010_2030 45/2 "Python 3" # Text</Process><Process ToolSource="c:\program files\arcgis\pro\Resources\ArcToolbox\toolboxes\Data Management Tools.tbx\CalculateField" Date="20210803" Time="141100">CalculateField USTMTAZ_2021_07_27_ForReview Res_Cap_2010_2030 2/!DEVACRES! "Python 3" # Text</Process><Process ToolSource="c:\program files\arcgis\pro\Resources\ArcToolbox\toolboxes\Data Management Tools.tbx\CalculateField" Date="20210803" Time="141109">CalculateField USTMTAZ_2021_07_27_ForReview Res_Cap_2010_2030 2*!DEVACRES! "Python 3" # Text</Process><Process ToolSource="c:\program files\arcgis\pro\Resources\ArcToolbox\toolboxes\Data Management Tools.tbx\CalculateField" Date="20210803" Time="141219">CalculateField USTMTAZ_2021_07_27_ForReview Emp_Cap_2010_2030 .15*!DEVACRES! "Python 3" # Text</Process><Process ToolSource="c:\program files\arcgis\pro\Resources\ArcToolbox\toolboxes\Data Management Tools.tbx\CalculateField" Date="20210803" Time="143007">CalculateField USTMTAZ_2021_07_27_ForReview Res_Cap_2010_2030 1.9*!DEVACRES! "Python 3" # Text</Process><Process ToolSource="c:\program files\arcgis\pro\Resources\ArcToolbox\toolboxes\Data Management Tools.tbx\CalculateField" Date="20210803" Time="143016">CalculateField USTMTAZ_2021_07_27_ForReview Res_Cap_2010_2030 1.9/!DEVACRES! "Python 3" # Text</Process><Process ToolSource="c:\program files\arcgis\pro\Resources\ArcToolbox\toolboxes\Data Management Tools.tbx\CalculateField" Date="20210803" Time="143051">CalculateField USTMTAZ_2021_07_27_ForReview Res_Cap_2010_2030 1*!DEVACRES! "Python 3" # Text</Process><Process ToolSource="c:\program files\arcgis\pro\Resources\ArcToolbox\toolboxes\Data Management Tools.tbx\CalculateField" Date="20210803" Time="145136">CalculateField USTMTAZ_2021_07_27_ForReview Res_Cap_2010_2030 1*!DEVACRES! "Python 3" # Text</Process><Process ToolSource="c:\program files\arcgis\pro\Resources\ArcToolbox\toolboxes\Data Management Tools.tbx\CalculateField" Date="20210803" Time="145144">CalculateField USTMTAZ_2021_07_27_ForReview Res_Cap_2010_2030 1/!DEVACRES! "Python 3" # Text</Process><Process ToolSource="c:\program files\arcgis\pro\Resources\ArcToolbox\toolboxes\Data Management Tools.tbx\CalculateField" Date="20210803" Time="145219">CalculateField USTMTAZ_2021_07_27_ForReview Res_Cap_2010_2030 !DEVACRES!*1 "Python 3" # Text</Process><Process ToolSource="c:\program files\arcgis\pro\Resources\ArcToolbox\toolboxes\Data Management Tools.tbx\CalculateField" Date="20210803" Time="150501">CalculateField USTMTAZ_2021_07_27_ForReview Res_Cap_2010_2030 .15*!DEVACRES! "Python 3" # Text</Process><Process ToolSource="c:\program files\arcgis\pro\Resources\ArcToolbox\toolboxes\Data Management Tools.tbx\CalculateField" Date="20210803" Time="150916">CalculateField USTMTAZ_2021_07_27_ForReview Res_Cap_2010_2030 5*!DEVACRES! "Python 3" # Text</Process><Process ToolSource="c:\program files\arcgis\pro\Resources\ArcToolbox\toolboxes\Data Management Tools.tbx\CalculateField" Date="20210803" Time="150957">CalculateField USTMTAZ_2021_07_27_ForReview Res_Cap_2010_2030 .9*!DEVACRES! "Python 3" # Text</Process><Process ToolSource="c:\program files\arcgis\pro\Resources\ArcToolbox\toolboxes\Data Management Tools.tbx\UpdateSchema" Date="20210809" Time="161559">UpdateSchema "CIMDATA=&lt;CIMStandardDataConnection xsi:type='typens:CIMStandardDataConnection' xmlns:xsi='http://www.w3.org/2001/XMLSchema-instance' xmlns:xs='http://www.w3.org/2001/XMLSchema' xmlns:typens='http://www.esri.com/schemas/ArcGIS/2.7.0'&gt;&lt;WorkspaceConnectionString&gt;DATABASE=C:\Users\rbrockmyer\OneDrive - Fehr &amp;amp; Peers\Desktop\UDOT SE\UDOT_SEUPDATE_2021_2022\UDOT_SEUPDATE_2021_2022.gdb&lt;/WorkspaceConnectionString&gt;&lt;WorkspaceFactory&gt;FileGDB&lt;/WorkspaceFactory&gt;&lt;Dataset&gt;USTMTAZ_2021_07_27&lt;/Dataset&gt;&lt;DatasetType&gt;esriDTFeatureClass&lt;/DatasetType&gt;&lt;/CIMStandardDataConnection&gt;" &lt;operationSequence&gt;&lt;workflow&gt;&lt;AddField&gt;&lt;field_name&gt;Test&lt;/field_name&gt;&lt;field_type&gt;DOUBLE&lt;/field_type&gt;&lt;field_alias&gt;Test&lt;/field_alias&gt;&lt;field_is_nullable&gt;True&lt;/field_is_nullable&gt;&lt;field_is_required&gt;False&lt;/field_is_required&gt;&lt;/AddField&gt;&lt;/workflow&gt;&lt;/operationSequence&gt;</Process><Process ToolSource="c:\program files\arcgis\pro\Resources\ArcToolbox\toolboxes\Data Management Tools.tbx\CalculateField" Date="20210809" Time="161630">CalculateField USTMTAZ_2021_07_27_ForReview Test "!DEVACRES! / !Emp_Cap_2010_2030!" "Python 3" # Text</Process><Process ToolSource="c:\program files\arcgis\pro\Resources\ArcToolbox\toolboxes\Data Management Tools.tbx\CalculateField" Date="20210809" Time="161830">CalculateField USTMTAZ_2021_07_27_ForReview Test "!Devsqft! / !Emp_Cap_2010_2030!" "Python 3" # Text</Process><Process ToolSource="c:\program files\arcgis\pro\Resources\ArcToolbox\toolboxes\Data Management Tools.tbx\CalculateField" Date="20210809" Time="161915">CalculateField USTMTAZ_2021_07_27_ForReview Test "!Devsqft! / !Emp_Cap_2010_2030!" "Python 3" # Text</Process><Process ToolSource="c:\program files\arcgis\pro\Resources\ArcToolbox\toolboxes\Conversion Tools.tbx\FeatureClassToFeatureClass" Date="20210920" Time="154520">FeatureClassToFeatureClass USTMTAZ_2021_07_27 "C:\Users\rbrockmyer\OneDrive - Fehr &amp; Peers\Desktop\UDOT SE\UDOT_SEUPDATE_2021_2022\UDOT_SEUPDATE_2021_2022.gdb" USTMTAZ_2021_09_20 # "TAZID "TAZID" true true false 4 Long 0 0,First,#,USTMTAZ_2021_07_27,TAZID,-1,-1;SA_TAZID "SA_TAZID" true true false 4 Long 0 0,First,#,USTMTAZ_2021_07_27,SA_TAZID,-1,-1;CO_IDX "CO_IDX" true true false 4 Long 0 0,First,#,USTMTAZ_2021_07_27,CO_IDX,-1,-1;CO_TAZID "CO_TAZID" true true false 4 Long 0 0,First,#,USTMTAZ_2021_07_27,CO_TAZID,-1,-1;SUBAREAID "SUBAREAID" true true false 4 Long 0 0,First,#,USTMTAZ_2021_07_27,SUBAREAID,-1,-1;ACRES "ACRES" true true false 8 Double 0 0,First,#,USTMTAZ_2021_07_27,ACRES,-1,-1;DEVACRES "DEVACRES" true true false 8 Double 0 0,First,#,USTMTAZ_2021_07_27,DEVACRES,-1,-1;DEVPBLEPCT "DEVPBLEPCT" true true false 8 Double 0 0,First,#,USTMTAZ_2021_07_27,DEVPBLEPCT,-1,-1;X "X" true true false 8 Double 0 0,First,#,USTMTAZ_2021_07_27,X,-1,-1;Y "Y" true true false 8 Double 0 0,First,#,USTMTAZ_2021_07_27,Y,-1,-1;ADJ_XY "ADJ_XY" true true false 4 Long 0 0,First,#,USTMTAZ_2021_07_27,ADJ_XY,-1,-1;CO_FIPS "CO_FIPS" true true false 4 Long 0 0,First,#,USTMTAZ_2021_07_27,CO_FIPS,-1,-1;CO_NAME "CO_NAME" true true false 56 Text 0 0,First,#,USTMTAZ_2021_07_27,CO_NAME,0,56;CITY_NAME "CITY_NAME" true true false 56 Text 0 0,First,#,USTMTAZ_2021_07_27,CITY_NAME,0,56;DISTSUPER "DISTSUPER" true true false 4 Long 0 0,First,#,USTMTAZ_2021_07_27,DISTSUPER,-1,-1;DSUP_NAME "DSUP_NAME" true true false 56 Text 0 0,First,#,USTMTAZ_2021_07_27,DSUP_NAME,0,56;DISTLRG "DISTLRG" true true false 4 Long 0 0,First,#,USTMTAZ_2021_07_27,DISTLRG,-1,-1;DLRG_NAME "DLRG_NAME" true true false 56 Text 0 0,First,#,USTMTAZ_2021_07_27,DLRG_NAME,0,56;DISTMED "DISTMED" true true false 4 Long 0 0,First,#,USTMTAZ_2021_07_27,DISTMED,-1,-1;DMED_NAME "DMED_NAME" true true false 56 Text 0 0,First,#,USTMTAZ_2021_07_27,DMED_NAME,0,56;SORT "SORT" true true false 4 Long 0 0,First,#,USTMTAZ_2021_07_27,SORT,-1,-1;DISTSML "DISTSML" true true false 4 Long 0 0,First,#,USTMTAZ_2021_07_27,DISTSML,-1,-1;DSML_NAME "DSML_NAME" true true false 56 Text 0 0,First,#,USTMTAZ_2021_07_27,DSML_NAME,0,56;New_CO_TAZID "New_CO_TAZID" true true false 4 Long 0 0,First,#,USTMTAZ_2021_07_27,New_CO_TAZID,-1,-1;Old_CO_TAZID "Old_CO_TAZID" true true false 4 Long 0 0,First,#,USTMTAZ_2021_07_27,Old_CO_TAZID,-1,-1;SUBAREAID_1 "SUBAREAID" true true false 4 Long 0 0,First,#,USTMTAZ_2021_07_27,SUBAREAID_1,-1,-1;CO_NAME_1 "CO_NAME" true true false 8000 Text 0 0,First,#,USTMTAZ_2021_07_27,CO_NAME_1,0,8000;Split_Flag "Split_Flag" true true false 4 Long 0 0,First,#,USTMTAZ_2021_07_27,Split_Flag,-1,-1;Notes "Notes" true true false 8000 Text 0 0,First,#,USTMTAZ_2021_07_27,Notes,0,8000;Res_Cap_2010_2030 "Res Cap 2010-2030" true true false 8 Double 0 0,First,#,USTMTAZ_2021_07_27,Res_Cap_2010_2030,-1,-1;Res_Cap_2030_2050 "Res Cap 2030-2050" true true false 8 Double 0 0,First,#,USTMTAZ_2021_07_27,Res_Cap_2030_2050,-1,-1;Res_Cap_2050_2060 "Res Cap 2050-2060" true true false 8 Double 0 0,First,#,USTMTAZ_2021_07_27,Res_Cap_2050_2060,-1,-1;Emp_Cap_2010_2030 "Emp Cap 2010-2030" true true false 8 Double 0 0,First,#,USTMTAZ_2021_07_27,Emp_Cap_2010_2030,-1,-1;Emp_Cap_2030_2050_NM "Emp_Cap_2030_2050_NM" true true false 8 Double 0 0,First,#,USTMTAZ_2021_07_27,Emp_Cap_2030_2050_NM,-1,-1;Emp_Cap_2050_2060_NM "Emp_Cap_2050_2060_NM" true true false 8 Double 0 0,First,#,USTMTAZ_2021_07_27,Emp_Cap_2050_2060_NM,-1,-1;Sqft "Sqft" true true false 8 Double 0 0,First,#,USTMTAZ_2021_07_27,Sqft,-1,-1;Devsqft "Devsqft" true true false 8 Double 0 0,First,#,USTMTAZ_2021_07_27,Devsqft,-1,-1;HUCapDen_1030 "HUCapDen_1030" true true false 8 Double 0 0,First,#,USTMTAZ_2021_07_27,HUCapDen_1030,-1,-1;HUCapDen_3050 "HUCapDen_3050" true true false 8 Double 0 0,First,#,USTMTAZ_2021_07_27,HUCapDen_3050,-1,-1;HUCapDen_5060 "HUCapDen_5060" true true false 8 Double 0 0,First,#,USTMTAZ_2021_07_27,HUCapDen_5060,-1,-1;EmpSqftCap_1030 "EmpSqftCap_1030" true true false 8 Double 0 0,First,#,USTMTAZ_2021_07_27,EmpSqftCap_1030,-1,-1;EmpSqftCap_3050 "EmpSqftCap_3050" true true false 8 Double 0 0,First,#,USTMTAZ_2021_07_27,EmpSqftCap_3050,-1,-1;EmpSqftCap_5060 "EmpSqftCap_5060" true true false 8 Double 0 0,First,#,USTMTAZ_2021_07_27,EmpSqftCap_5060,-1,-1;RSEED_1020 "RSEED_1020" true true false 4 Long 0 0,First,#,USTMTAZ_2021_07_27,RSEED_1020,-1,-1;RSEED_2030 "RSEED_2030" true true false 4 Long 0 0,First,#,USTMTAZ_2021_07_27,RSEED_2030,-1,-1;RSEED_3050 "RSEED_3050" true true false 4 Long 0 0,First,#,USTMTAZ_2021_07_27,RSEED_3050,-1,-1;RSEED_5060 "RSEED_5060" true true false 4 Long 0 0,First,#,USTMTAZ_2021_07_27,RSEED_5060,-1,-1;ESEED_1020 "ESEED_1020" true true false 4 Long 0 0,First,#,USTMTAZ_2021_07_27,ESEED_1020,-1,-1;ESEED_2030 "ESEED_2030" true true false 4 Long 0 0,First,#,USTMTAZ_2021_07_27,ESEED_2030,-1,-1;ESEED3050 "ESEED3050" true true false 4 Long 0 0,First,#,USTMTAZ_2021_07_27,ESEED3050,-1,-1;ESEED5060 "ESEED5060" true true false 4 Long 0 0,First,#,USTMTAZ_2021_07_27,ESEED5060,-1,-1;RGFAC_1020 "RGFAC_1020" true true false 8 Double 0 0,First,#,USTMTAZ_2021_07_27,RGFAC_1020,-1,-1;RGFAC_2030 "RGFAC_2030" true true false 8 Double 0 0,First,#,USTMTAZ_2021_07_27,RGFAC_2030,-1,-1;RGFAC_3040 "RGFAC_3040" true true false 8 Double 0 0,First,#,USTMTAZ_2021_07_27,RGFAC_3040,-1,-1;RGFAC_4050 "RGFAC_4050" true true false 8 Double 0 0,First,#,USTMTAZ_2021_07_27,RGFAC_4050,-1,-1;RGFAC_5060 "RGFAC_5060" true true false 8 Double 0 0,First,#,USTMTAZ_2021_07_27,RGFAC_5060,-1,-1;EGFAC_1020 "EGFAC_1020" true true false 4 Long 0 0,First,#,USTMTAZ_2021_07_27,EGFAC_1020,-1,-1;EGFAC_2030 "EGFAC_2030" true true false 4 Long 0 0,First,#,USTMTAZ_2021_07_27,EGFAC_2030,-1,-1;EGFAC_3040 "EGFAC_3040" true true false 4 Long 0 0,First,#,USTMTAZ_2021_07_27,EGFAC_3040,-1,-1;EGFAC_4050 "EGFAC_4050" true true false 4 Long 0 0,First,#,USTMTAZ_2021_07_27,EGFAC_4050,-1,-1;EGFAC_5060 "EGFAC_5060" true true false 4 Long 0 0,First,#,USTMTAZ_2021_07_27,EGFAC_5060,-1,-1;CABIN_1020 "CABIN_1020" true true false 4 Long 0 0,First,#,USTMTAZ_2021_07_27,CABIN_1020,-1,-1;CABIN_2030 "CABIN_2030" true true false 4 Long 0 0,First,#,USTMTAZ_2021_07_27,CABIN_2030,-1,-1;CABIN_3040 "CABIN_3040" true true false 4 Long 0 0,First,#,USTMTAZ_2021_07_27,CABIN_3040,-1,-1;CABIN_4050 "CABIN_4050" true true false 4 Long 0 0,First,#,USTMTAZ_2021_07_27,CABIN_4050,-1,-1;CABIN_5060 "CABIN_5060" true true false 4 Long 0 0,First,#,USTMTAZ_2021_07_27,CABIN_5060,-1,-1;CONDO_1020 "CONDO_1020" true true false 4 Long 0 0,First,#,USTMTAZ_2021_07_27,CONDO_1020,-1,-1;CONDO_2030 "CONDO_2030" true true false 4 Long 0 0,First,#,USTMTAZ_2021_07_27,CONDO_2030,-1,-1;CONDO_3040 "CONDO_3040" true true false 4 Long 0 0,First,#,USTMTAZ_2021_07_27,CONDO_3040,-1,-1;CONDO_4050 "CONDO_4050" true true false 4 Long 0 0,First,#,USTMTAZ_2021_07_27,CONDO_4050,-1,-1;CONDO_5060 "CONDO_5060" true true false 4 Long 0 0,First,#,USTMTAZ_2021_07_27,CONDO_5060,-1,-1;HOTEL_1020 "HOTEL_1020" true true false 4 Long 0 0,First,#,USTMTAZ_2021_07_27,HOTEL_1020,-1,-1;HOTEL_2030 "HOTEL_2030" true true false 4 Long 0 0,First,#,USTMTAZ_2021_07_27,HOTEL_2030,-1,-1;HOTEL_3040 "HOTEL_3040" true true false 4 Long 0 0,First,#,USTMTAZ_2021_07_27,HOTEL_3040,-1,-1;HOTEL_4050 "HOTEL_4050" true true false 4 Long 0 0,First,#,USTMTAZ_2021_07_27,HOTEL_4050,-1,-1;HOTEL_5060 "HOTEL_5060" true true false 4 Long 0 0,First,#,USTMTAZ_2021_07_27,HOTEL_5060,-1,-1;Shape_Length "Shape_Length" false true true 8 Double 0 0,First,#,USTMTAZ_2021_07_27,Shape_Length,-1,-1;Shape_Area "Shape_Area" false true true 8 Double 0 0,First,#,USTMTAZ_2021_07_27,Shape_Area,-1,-1;NeedsCapReview "NeedsCapReview" true true false 2 Short 0 0,First,#,USTMTAZ_2021_07_27,NeedsCapReview,-1,-1;CalvinReview "CalvinReview" true true false 2 Short 0 0,First,#,USTMTAZ_2021_07_27,CalvinReview,-1,-1;MaryReview "MaryReview" true true false 2 Short 0 0,First,#,USTMTAZ_2021_07_27,MaryReview,-1,-1;ReviewNotes "ReviewNotes" true true false 255 Text 0 0,First,#,USTMTAZ_2021_07_27,ReviewNotes,0,255;RBReview "RBReview" true true false 2 Short 0 0,First,#,USTMTAZ_2021_07_27,RBReview,-1,-1;ReviewAssignment "ReviewAssignment" true true false 15 Text 0 0,First,#,USTMTAZ_2021_07_27,ReviewAssignment,0,15;Test "Test" true true false 8 Double 0 0,First,#,USTMTAZ_2021_07_27,Test,-1,-1" #</Process><Process ToolSource="c:\program files\arcgis\pro\Resources\ArcToolbox\toolboxes\Data Management Tools.tbx\DeleteField" Date="20210920" Time="155403">DeleteField USTMTAZ_2021_09_20 Test</Process><Process ToolSource="c:\program files\arcgis\pro\Resources\ArcToolbox\toolboxes\Data Management Tools.tbx\CalculateField" Date="20210920" Time="161456">CalculateField USTMTAZ_2021_09_20 HUCapDen_1030 "!Res_Cap_2010_2030! / !Devsqft!" "Python 3" # Text</Process><Process ToolSource="c:\program files\arcgis\pro\Resources\ArcToolbox\toolboxes\Data Management Tools.tbx\CalculateField" Date="20210920" Time="161521">CalculateField USTMTAZ_2021_09_20 HUCapDen_1030 "!Res_Cap_2010_2030! / !DEVACRES!" "Python 3" # Text</Process><Process ToolSource="c:\program files\arcgis\pro\Resources\ArcToolbox\toolboxes\Data Management Tools.tbx\CalculateField" Date="20210920" Time="161546">CalculateField USTMTAZ_2021_09_20 HUCapDen_3050 "!Res_Cap_2030_2050! / !DEVACRES!" "Python 3" # Text</Process><Process ToolSource="c:\program files\arcgis\pro\Resources\ArcToolbox\toolboxes\Data Management Tools.tbx\CalculateField" Date="20210920" Time="161603">CalculateField USTMTAZ_2021_09_20 HUCapDen_5060 "!Res_Cap_2050_2060! / !DEVACRES!" "Python 3" # Text</Process><Process ToolSource="c:\program files\arcgis\pro\Resources\ArcToolbox\toolboxes\Data Management Tools.tbx\CalculateField" Date="20210920" Time="161628">CalculateField USTMTAZ_2021_09_20 EmpSqftCap_1030 "!Emp_Cap_2010_2030! / !Devsqft!" "Python 3" # Text</Process><Process ToolSource="c:\program files\arcgis\pro\Resources\ArcToolbox\toolboxes\Data Management Tools.tbx\CalculateField" Date="20210920" Time="161727">CalculateField USTMTAZ_2021_09_20 EmpSqftCap_1030 "!Emp_Cap_2010_2030! / (!Devsqft!/1000)" "Python 3" # Text</Process><Process ToolSource="c:\program files\arcgis\pro\Resources\ArcToolbox\toolboxes\Data Management Tools.tbx\CalculateField" Date="20210920" Time="161747">CalculateField USTMTAZ_2021_09_20 EmpSqftCap_1030 "!Emp_Cap_2030_2050_NM! / (!Devsqft!/1000)" "Python 3" # Text</Process><Process ToolSource="c:\program files\arcgis\pro\Resources\ArcToolbox\toolboxes\Data Management Tools.tbx\CalculateField" Date="20210920" Time="161759">CalculateField USTMTAZ_2021_09_20 EmpSqftCap_1030 "!Emp_Cap_2010_2030! / (!Devsqft!/1000)" "Python 3" # Text</Process><Process ToolSource="c:\program files\arcgis\pro\Resources\ArcToolbox\toolboxes\Data Management Tools.tbx\CalculateField" Date="20210920" Time="161811">CalculateField USTMTAZ_2021_09_20 EmpSqftCap_3050 "!Emp_Cap_2030_2050_NM! / (!Devsqft!/1000)" "Python 3" # Text</Process><Process ToolSource="c:\program files\arcgis\pro\Resources\ArcToolbox\toolboxes\Data Management Tools.tbx\CalculateField" Date="20210920" Time="161830">CalculateField USTMTAZ_2021_09_20 EmpSqftCap_5060 "!Emp_Cap_2050_2060_NM! / (!Devsqft!/1000)" "Python 3" # Text</Process><Process ToolSource="c:\program files\arcgis\pro\Resources\ArcToolbox\toolboxes\Conversion Tools.tbx\FeatureClassToFeatureClass" Date="20210920" Time="161906">FeatureClassToFeatureClass USTMTAZ_2021_09_20 "C:\Users\rbrockmyer\OneDrive - Fehr &amp; Peers\Desktop\UDOT SE\UDOT_SEUPDATE_2021_2022\UDOT_SEUPDATE_2021_2022.gdb" USTMTAZ_2021_09_21 # "TAZID "TAZID" true true false 4 Long 0 0,First,#,USTMTAZ_2021_09_20,TAZID,-1,-1;SA_TAZID "SA_TAZID" true true false 4 Long 0 0,First,#,USTMTAZ_2021_09_20,SA_TAZID,-1,-1;CO_IDX "CO_IDX" true true false 4 Long 0 0,First,#,USTMTAZ_2021_09_20,CO_IDX,-1,-1;CO_TAZID "CO_TAZID" true true false 4 Long 0 0,First,#,USTMTAZ_2021_09_20,CO_TAZID,-1,-1;SUBAREAID "SUBAREAID" true true false 4 Long 0 0,First,#,USTMTAZ_2021_09_20,SUBAREAID,-1,-1;ACRES "ACRES" true true false 8 Double 0 0,First,#,USTMTAZ_2021_09_20,ACRES,-1,-1;DEVACRES "DEVACRES" true true false 8 Double 0 0,First,#,USTMTAZ_2021_09_20,DEVACRES,-1,-1;DEVPBLEPCT "DEVPBLEPCT" true true false 8 Double 0 0,First,#,USTMTAZ_2021_09_20,DEVPBLEPCT,-1,-1;X "X" true true false 8 Double 0 0,First,#,USTMTAZ_2021_09_20,X,-1,-1;Y "Y" true true false 8 Double 0 0,First,#,USTMTAZ_2021_09_20,Y,-1,-1;ADJ_XY "ADJ_XY" true true false 4 Long 0 0,First,#,USTMTAZ_2021_09_20,ADJ_XY,-1,-1;CO_FIPS "CO_FIPS" true true false 4 Long 0 0,First,#,USTMTAZ_2021_09_20,CO_FIPS,-1,-1;CO_NAME "CO_NAME" true true false 56 Text 0 0,First,#,USTMTAZ_2021_09_20,CO_NAME,0,56;CITY_NAME "CITY_NAME" true true false 56 Text 0 0,First,#,USTMTAZ_2021_09_20,CITY_NAME,0,56;DISTSUPER "DISTSUPER" true true false 4 Long 0 0,First,#,USTMTAZ_2021_09_20,DISTSUPER,-1,-1;DSUP_NAME "DSUP_NAME" true true false 56 Text 0 0,First,#,USTMTAZ_2021_09_20,DSUP_NAME,0,56;DISTLRG "DISTLRG" true true false 4 Long 0 0,First,#,USTMTAZ_2021_09_20,DISTLRG,-1,-1;DLRG_NAME "DLRG_NAME" true true false 56 Text 0 0,First,#,USTMTAZ_2021_09_20,DLRG_NAME,0,56;DISTMED "DISTMED" true true false 4 Long 0 0,First,#,USTMTAZ_2021_09_20,DISTMED,-1,-1;DMED_NAME "DMED_NAME" true true false 56 Text 0 0,First,#,USTMTAZ_2021_09_20,DMED_NAME,0,56;SORT "SORT" true true false 4 Long 0 0,First,#,USTMTAZ_2021_09_20,SORT,-1,-1;DISTSML "DISTSML" true true false 4 Long 0 0,First,#,USTMTAZ_2021_09_20,DISTSML,-1,-1;DSML_NAME "DSML_NAME" true true false 56 Text 0 0,First,#,USTMTAZ_2021_09_20,DSML_NAME,0,56;New_CO_TAZID "New_CO_TAZID" true true false 4 Long 0 0,First,#,USTMTAZ_2021_09_20,New_CO_TAZID,-1,-1;Old_CO_TAZID "Old_CO_TAZID" true true false 4 Long 0 0,First,#,USTMTAZ_2021_09_20,Old_CO_TAZID,-1,-1;SUBAREAID_1 "SUBAREAID" true true false 4 Long 0 0,First,#,USTMTAZ_2021_09_20,SUBAREAID_1,-1,-1;CO_NAME_1 "CO_NAME" true true false 8000 Text 0 0,First,#,USTMTAZ_2021_09_20,CO_NAME_1,0,8000;Split_Flag "Split_Flag" true true false 4 Long 0 0,First,#,USTMTAZ_2021_09_20,Split_Flag,-1,-1;Notes "Notes" true true false 8000 Text 0 0,First,#,USTMTAZ_2021_09_20,Notes,0,8000;Res_Cap_2010_2030 "Res Cap 2010-2030" true true false 8 Double 0 0,First,#,USTMTAZ_2021_09_20,Res_Cap_2010_2030,-1,-1;Res_Cap_2030_2050 "Res Cap 2030-2050" true true false 8 Double 0 0,First,#,USTMTAZ_2021_09_20,Res_Cap_2030_2050,-1,-1;Res_Cap_2050_2060 "Res Cap 2050-2060" true true false 8 Double 0 0,First,#,USTMTAZ_2021_09_20,Res_Cap_2050_2060,-1,-1;Emp_Cap_2010_2030 "Emp Cap 2010-2030" true true false 8 Double 0 0,First,#,USTMTAZ_2021_09_20,Emp_Cap_2010_2030,-1,-1;Emp_Cap_2030_2050_NM "Emp_Cap_2030_2050_NM" true true false 8 Double 0 0,First,#,USTMTAZ_2021_09_20,Emp_Cap_2030_2050_NM,-1,-1;Emp_Cap_2050_2060_NM "Emp_Cap_2050_2060_NM" true true false 8 Double 0 0,First,#,USTMTAZ_2021_09_20,Emp_Cap_2050_2060_NM,-1,-1;Sqft "Sqft" true true false 8 Double 0 0,First,#,USTMTAZ_2021_09_20,Sqft,-1,-1;Devsqft "Devsqft" true true false 8 Double 0 0,First,#,USTMTAZ_2021_09_20,Devsqft,-1,-1;HUCapDen_1030 "HUCapDen_1030" true true false 8 Double 0 0,First,#,USTMTAZ_2021_09_20,HUCapDen_1030,-1,-1;HUCapDen_3050 "HUCapDen_3050" true true false 8 Double 0 0,First,#,USTMTAZ_2021_09_20,HUCapDen_3050,-1,-1;HUCapDen_5060 "HUCapDen_5060" true true false 8 Double 0 0,First,#,USTMTAZ_2021_09_20,HUCapDen_5060,-1,-1;EmpSqftCap_1030 "EmpSqftCap_1030" true true false 8 Double 0 0,First,#,USTMTAZ_2021_09_20,EmpSqftCap_1030,-1,-1;EmpSqftCap_3050 "EmpSqftCap_3050" true true false 8 Double 0 0,First,#,USTMTAZ_2021_09_20,EmpSqftCap_3050,-1,-1;EmpSqftCap_5060 "EmpSqftCap_5060" true true false 8 Double 0 0,First,#,USTMTAZ_2021_09_20,EmpSqftCap_5060,-1,-1;RSEED_1020 "RSEED_1020" true true false 4 Long 0 0,First,#,USTMTAZ_2021_09_20,RSEED_1020,-1,-1;RSEED_2030 "RSEED_2030" true true false 4 Long 0 0,First,#,USTMTAZ_2021_09_20,RSEED_2030,-1,-1;RSEED_3050 "RSEED_3050" true true false 4 Long 0 0,First,#,USTMTAZ_2021_09_20,RSEED_3050,-1,-1;RSEED_5060 "RSEED_5060" true true false 4 Long 0 0,First,#,USTMTAZ_2021_09_20,RSEED_5060,-1,-1;ESEED_1020 "ESEED_1020" true true false 4 Long 0 0,First,#,USTMTAZ_2021_09_20,ESEED_1020,-1,-1;ESEED_2030 "ESEED_2030" true true false 4 Long 0 0,First,#,USTMTAZ_2021_09_20,ESEED_2030,-1,-1;ESEED3050 "ESEED3050" true true false 4 Long 0 0,First,#,USTMTAZ_2021_09_20,ESEED3050,-1,-1;ESEED5060 "ESEED5060" true true false 4 Long 0 0,First,#,USTMTAZ_2021_09_20,ESEED5060,-1,-1;RGFAC_1020 "RGFAC_1020" true true false 8 Double 0 0,First,#,USTMTAZ_2021_09_20,RGFAC_1020,-1,-1;RGFAC_2030 "RGFAC_2030" true true false 8 Double 0 0,First,#,USTMTAZ_2021_09_20,RGFAC_2030,-1,-1;RGFAC_3040 "RGFAC_3040" true true false 8 Double 0 0,First,#,USTMTAZ_2021_09_20,RGFAC_3040,-1,-1;RGFAC_4050 "RGFAC_4050" true true false 8 Double 0 0,First,#,USTMTAZ_2021_09_20,RGFAC_4050,-1,-1;RGFAC_5060 "RGFAC_5060" true true false 8 Double 0 0,First,#,USTMTAZ_2021_09_20,RGFAC_5060,-1,-1;EGFAC_1020 "EGFAC_1020" true true false 4 Long 0 0,First,#,USTMTAZ_2021_09_20,EGFAC_1020,-1,-1;EGFAC_2030 "EGFAC_2030" true true false 4 Long 0 0,First,#,USTMTAZ_2021_09_20,EGFAC_2030,-1,-1;EGFAC_3040 "EGFAC_3040" true true false 4 Long 0 0,First,#,USTMTAZ_2021_09_20,EGFAC_3040,-1,-1;EGFAC_4050 "EGFAC_4050" true true false 4 Long 0 0,First,#,USTMTAZ_2021_09_20,EGFAC_4050,-1,-1;EGFAC_5060 "EGFAC_5060" true true false 4 Long 0 0,First,#,USTMTAZ_2021_09_20,EGFAC_5060,-1,-1;CABIN_1020 "CABIN_1020" true true false 4 Long 0 0,First,#,USTMTAZ_2021_09_20,CABIN_1020,-1,-1;CABIN_2030 "CABIN_2030" true true false 4 Long 0 0,First,#,USTMTAZ_2021_09_20,CABIN_2030,-1,-1;CABIN_3040 "CABIN_3040" true true false 4 Long 0 0,First,#,USTMTAZ_2021_09_20,CABIN_3040,-1,-1;CABIN_4050 "CABIN_4050" true true false 4 Long 0 0,First,#,USTMTAZ_2021_09_20,CABIN_4050,-1,-1;CABIN_5060 "CABIN_5060" true true false 4 Long 0 0,First,#,USTMTAZ_2021_09_20,CABIN_5060,-1,-1;CONDO_1020 "CONDO_1020" true true false 4 Long 0 0,First,#,USTMTAZ_2021_09_20,CONDO_1020,-1,-1;CONDO_2030 "CONDO_2030" true true false 4 Long 0 0,First,#,USTMTAZ_2021_09_20,CONDO_2030,-1,-1;CONDO_3040 "CONDO_3040" true true false 4 Long 0 0,First,#,USTMTAZ_2021_09_20,CONDO_3040,-1,-1;CONDO_4050 "CONDO_4050" true true false 4 Long 0 0,First,#,USTMTAZ_2021_09_20,CONDO_4050,-1,-1;CONDO_5060 "CONDO_5060" true true false 4 Long 0 0,First,#,USTMTAZ_2021_09_20,CONDO_5060,-1,-1;HOTEL_1020 "HOTEL_1020" true true false 4 Long 0 0,First,#,USTMTAZ_2021_09_20,HOTEL_1020,-1,-1;HOTEL_2030 "HOTEL_2030" true true false 4 Long 0 0,First,#,USTMTAZ_2021_09_20,HOTEL_2030,-1,-1;HOTEL_3040 "HOTEL_3040" true true false 4 Long 0 0,First,#,USTMTAZ_2021_09_20,HOTEL_3040,-1,-1;HOTEL_4050 "HOTEL_4050" true true false 4 Long 0 0,First,#,USTMTAZ_2021_09_20,HOTEL_4050,-1,-1;HOTEL_5060 "HOTEL_5060" true true false 4 Long 0 0,First,#,USTMTAZ_2021_09_20,HOTEL_5060,-1,-1;NeedsCapReview "NeedsCapReview" true true false 2 Short 0 0,First,#,USTMTAZ_2021_09_20,NeedsCapReview,-1,-1;CalvinReview "CalvinReview" true true false 2 Short 0 0,First,#,USTMTAZ_2021_09_20,CalvinReview,-1,-1;MaryReview "MaryReview" true true false 2 Short 0 0,First,#,USTMTAZ_2021_09_20,MaryReview,-1,-1;ReviewNotes "ReviewNotes" true true false 255 Text 0 0,First,#,USTMTAZ_2021_09_20,ReviewNotes,0,255;RBReview "RBReview" true true false 2 Short 0 0,First,#,USTMTAZ_2021_09_20,RBReview,-1,-1;ReviewAssignment "ReviewAssignment" true true false 15 Text 0 0,First,#,USTMTAZ_2021_09_20,ReviewAssignment,0,15;Shape_Length "Shape_Length" false true true 8 Double 0 0,First,#,USTMTAZ_2021_09_20,Shape_Length,-1,-1;Shape_Area "Shape_Area" false true true 8 Double 0 0,First,#,USTMTAZ_2021_09_20,Shape_Area,-1,-1" #</Process><Process ToolSource="c:\program files\arcgis\pro\Resources\ArcToolbox\toolboxes\Data Management Tools.tbx\DeleteField" Date="20210920" Time="161935">DeleteField USTMTAZ_2021_09_21 NeedsCapReview</Process><Process ToolSource="c:\program files\arcgis\pro\Resources\ArcToolbox\toolboxes\Data Management Tools.tbx\DeleteField" Date="20210920" Time="161941">DeleteField USTMTAZ_2021_09_21 CalvinReview</Process><Process ToolSource="c:\program files\arcgis\pro\Resources\ArcToolbox\toolboxes\Data Management Tools.tbx\DeleteField" Date="20210920" Time="161947">DeleteField USTMTAZ_2021_09_21 MaryReview</Process><Process ToolSource="c:\program files\arcgis\pro\Resources\ArcToolbox\toolboxes\Data Management Tools.tbx\DeleteField" Date="20210920" Time="161952">DeleteField USTMTAZ_2021_09_21 ReviewNotes</Process><Process ToolSource="c:\program files\arcgis\pro\Resources\ArcToolbox\toolboxes\Data Management Tools.tbx\DeleteField" Date="20210920" Time="161958">DeleteField USTMTAZ_2021_09_21 RBReview</Process><Process ToolSource="c:\program files\arcgis\pro\Resources\ArcToolbox\toolboxes\Data Management Tools.tbx\DeleteField" Date="20210920" Time="162004">DeleteField USTMTAZ_2021_09_21 ReviewAssignment</Process><Process ToolSource="c:\program files\arcgis\pro\Resources\ArcToolbox\toolboxes\Data Management Tools.tbx\CalculateField" Date="20210920" Time="164900">CalculateField USTMTAZ_2021_09_21 HUCapDen_1030 !HUCapDen_1030! "Python 3" # Text</Process><Process ToolSource="c:\program files\arcgis\pro\Resources\ArcToolbox\toolboxes\Data Management Tools.tbx\CalculateField" Date="20210920" Time="164916">CalculateField USTMTAZ_2021_09_21 HUCapDen_1030 8 "Python 3" # Text</Process><Process ToolSource="c:\program files\arcgis\pro\Resources\ArcToolbox\toolboxes\Data Management Tools.tbx\CalculateField" Date="20210920" Time="164931">CalculateField USTMTAZ_2021_09_21 HUCapDen_3050 8 "Python 3" # Text</Process><Process ToolSource="c:\program files\arcgis\pro\Resources\ArcToolbox\toolboxes\Data Management Tools.tbx\CalculateField" Date="20210920" Time="164937">CalculateField USTMTAZ_2021_09_21 EmpSqftCap_1030 8 "Python 3" # Text</Process><Process ToolSource="c:\program files\arcgis\pro\Resources\ArcToolbox\toolboxes\Data Management Tools.tbx\CalculateField" Date="20210920" Time="164958">CalculateField USTMTAZ_2021_09_21 EmpSqftCap_1030 8!EmpSqftCap_3050! "Python 3" # Text</Process><Process ToolSource="c:\program files\arcgis\pro\Resources\ArcToolbox\toolboxes\Data Management Tools.tbx\CalculateField" Date="20210920" Time="165034">CalculateField USTMTAZ_2021_09_21 EmpSqftCap_1030 !EmpSqftCap_3050! "Python 3" # Text</Process><Process ToolSource="c:\program files\arcgis\pro\Resources\ArcToolbox\toolboxes\Data Management Tools.tbx\CalculateField" Date="20210920" Time="165045">CalculateField USTMTAZ_2021_09_21 HUCapDen_5060 8 "Python 3" # Text</Process><Process ToolSource="c:\program files\arcgis\pro\Resources\ArcToolbox\toolboxes\Data Management Tools.tbx\CalculateField" Date="20210920" Time="165321">CalculateField USTMTAZ_2021_09_21 Res_Cap_2010_2030 "!HUCapDen_1030! * !DEVACRES!" "Python 3" # Text</Process><Process ToolSource="c:\program files\arcgis\pro\Resources\ArcToolbox\toolboxes\Data Management Tools.tbx\CalculateField" Date="20210920" Time="165331">CalculateField USTMTAZ_2021_09_21 Res_Cap_2030_2050 "!HUCapDen_1030! * !DEVACRES!" "Python 3" # Text</Process><Process ToolSource="c:\program files\arcgis\pro\Resources\ArcToolbox\toolboxes\Data Management Tools.tbx\CalculateField" Date="20210920" Time="165338">CalculateField USTMTAZ_2021_09_21 Res_Cap_2050_2060 "!HUCapDen_1030! * !DEVACRES!" "Python 3" # Text</Process><Process ToolSource="c:\program files\arcgis\pro\Resources\ArcToolbox\toolboxes\Data Management Tools.tbx\CalculateField" Date="20210920" Time="165549">CalculateField USTMTAZ_2021_09_21 Res_Cap_2010_2030 "!HUCapDen_1030! * !DEVACRES!" "Python 3" # Text</Process><Process ToolSource="c:\program files\arcgis\pro\Resources\ArcToolbox\toolboxes\Data Management Tools.tbx\CalculateField" Date="20210920" Time="165555">CalculateField USTMTAZ_2021_09_21 Res_Cap_2030_2050 "!HUCapDen_1030! * !DEVACRES!" "Python 3" # Text</Process><Process ToolSource="c:\program files\arcgis\pro\Resources\ArcToolbox\toolboxes\Data Management Tools.tbx\CalculateField" Date="20210920" Time="165601">CalculateField USTMTAZ_2021_09_21 Res_Cap_2050_2060 "!HUCapDen_1030! * !DEVACRES!" "Python 3" # Text</Process><Process ToolSource="c:\program files\arcgis\pro\Resources\ArcToolbox\toolboxes\Data Management Tools.tbx\CalculateField" Date="20210920" Time="165726">CalculateField USTMTAZ_2021_09_21 Res_Cap_2010_2030 "!HUCapDen_1030! * !DEVACRES!" "Python 3" # Text</Process><Process ToolSource="c:\program files\arcgis\pro\Resources\ArcToolbox\toolboxes\Data Management Tools.tbx\CalculateField" Date="20210920" Time="165732">CalculateField USTMTAZ_2021_09_21 Res_Cap_2030_2050 "!HUCapDen_1030! * !DEVACRES!" "Python 3" # Text</Process><Process ToolSource="c:\program files\arcgis\pro\Resources\ArcToolbox\toolboxes\Data Management Tools.tbx\CalculateField" Date="20210920" Time="165736">CalculateField USTMTAZ_2021_09_21 Res_Cap_2050_2060 "!HUCapDen_1030! * !DEVACRES!" "Python 3" # Text</Process><Process ToolSource="c:\program files\arcgis\pro\Resources\ArcToolbox\toolboxes\Data Management Tools.tbx\CalculateField" Date="20210920" Time="165904">CalculateField USTMTAZ_2021_09_21 Res_Cap_2010_2030 "!HUCapDen_1030! * !DEVACRES!" "Python 3" # Text</Process><Process ToolSource="c:\program files\arcgis\pro\Resources\ArcToolbox\toolboxes\Data Management Tools.tbx\CalculateField" Date="20210920" Time="165928">CalculateField USTMTAZ_2021_09_21 Res_Cap_2030_2050 "!Res_Cap_2030_2050! * !DEVACRES!" "Python 3" # Text</Process><Process ToolSource="c:\program files\arcgis\pro\Resources\ArcToolbox\toolboxes\Data Management Tools.tbx\CalculateField" Date="20210920" Time="165954">CalculateField USTMTAZ_2021_09_21 Res_Cap_2030_2050 "!Res_Cap_2010_2030! * !DEVACRES!" "Python 3" # Text</Process><Process ToolSource="c:\program files\arcgis\pro\Resources\ArcToolbox\toolboxes\Data Management Tools.tbx\CalculateField" Date="20210920" Time="170017">CalculateField USTMTAZ_2021_09_21 Res_Cap_2030_2050 "!HUCapDen_1030! * !DEVACRES!" "Python 3" # Text</Process><Process ToolSource="c:\program files\arcgis\pro\Resources\ArcToolbox\toolboxes\Data Management Tools.tbx\CalculateField" Date="20210920" Time="170022">CalculateField USTMTAZ_2021_09_21 Res_Cap_2050_2060 "!HUCapDen_1030! * !DEVACRES!" "Python 3" # Text</Process><Process ToolSource="c:\program files\arcgis\pro\Resources\ArcToolbox\toolboxes\Data Management Tools.tbx\CalculateField" Date="20210920" Time="170119">CalculateField USTMTAZ_2021_09_21 Res_Cap_2010_2030 "!HUCapDen_1030! * !DEVACRES!" "Python 3" # Text</Process><Process ToolSource="c:\program files\arcgis\pro\Resources\ArcToolbox\toolboxes\Data Management Tools.tbx\CalculateField" Date="20210920" Time="170125">CalculateField USTMTAZ_2021_09_21 Res_Cap_2030_2050 "!HUCapDen_1030! * !DEVACRES!" "Python 3" # Text</Process><Process ToolSource="c:\program files\arcgis\pro\Resources\ArcToolbox\toolboxes\Data Management Tools.tbx\CalculateField" Date="20210920" Time="170129">CalculateField USTMTAZ_2021_09_21 Res_Cap_2050_2060 "!HUCapDen_1030! * !DEVACRES!" "Python 3" # Text</Process><Process ToolSource="c:\program files\arcgis\pro\Resources\ArcToolbox\toolboxes\Data Management Tools.tbx\CalculateField" Date="20210920" Time="170253">CalculateField USTMTAZ_2021_09_21 Res_Cap_2010_2030 "!HUCapDen_1030! * !DEVACRES!" "Python 3" # Text</Process><Process ToolSource="c:\program files\arcgis\pro\Resources\ArcToolbox\toolboxes\Data Management Tools.tbx\CalculateField" Date="20210920" Time="170257">CalculateField USTMTAZ_2021_09_21 Res_Cap_2030_2050 "!HUCapDen_1030! * !DEVACRES!" "Python 3" # Text</Process><Process ToolSource="c:\program files\arcgis\pro\Resources\ArcToolbox\toolboxes\Data Management Tools.tbx\CalculateField" Date="20210920" Time="170302">CalculateField USTMTAZ_2021_09_21 Res_Cap_2050_2060 "!HUCapDen_1030! * !DEVACRES!" "Python 3" # Text</Process><Process ToolSource="c:\program files\arcgis\pro\Resources\ArcToolbox\toolboxes\Data Management Tools.tbx\CalculateField" Date="20210920" Time="170436">CalculateField USTMTAZ_2021_09_21 Res_Cap_2010_2030 "!HUCapDen_1030! * !DEVACRES!" "Python 3" # Text</Process><Process ToolSource="c:\program files\arcgis\pro\Resources\ArcToolbox\toolboxes\Data Management Tools.tbx\CalculateField" Date="20210920" Time="170523">CalculateField USTMTAZ_2021_09_21 Res_Cap_2010_2030 "!DEVACRES! * !HUCapDen_1030!" "Python 3" # Text</Process><Process ToolSource="c:\program files\arcgis\pro\Resources\ArcToolbox\toolboxes\Data Management Tools.tbx\CalculateField" Date="20210920" Time="170529">CalculateField USTMTAZ_2021_09_21 Res_Cap_2030_2050 "!DEVACRES! * !HUCapDen_1030!" "Python 3" # Text</Process><Process ToolSource="c:\program files\arcgis\pro\Resources\ArcToolbox\toolboxes\Data Management Tools.tbx\CalculateField" Date="20210920" Time="170532">CalculateField USTMTAZ_2021_09_21 Res_Cap_2050_2060 "!DEVACRES! * !HUCapDen_1030!" "Python 3" # Text</Process><Process ToolSource="c:\program files\arcgis\pro\Resources\ArcToolbox\toolboxes\Data Management Tools.tbx\CalculateField" Date="20210920" Time="170630">CalculateField USTMTAZ_2021_09_21 Res_Cap_2010_2030 "!DEVACRES! * !HUCapDen_1030!" "Python 3" # Text</Process><Process ToolSource="c:\program files\arcgis\pro\Resources\ArcToolbox\toolboxes\Data Management Tools.tbx\CalculateField" Date="20210920" Time="170637">CalculateField USTMTAZ_2021_09_21 Res_Cap_2030_2050 "!DEVACRES! * !HUCapDen_1030!" "Python 3" # Text</Process><Process ToolSource="c:\program files\arcgis\pro\Resources\ArcToolbox\toolboxes\Data Management Tools.tbx\CalculateField" Date="20210920" Time="170641">CalculateField USTMTAZ_2021_09_21 Res_Cap_2050_2060 "!DEVACRES! * !HUCapDen_1030!" "Python 3" # Text</Process><Process ToolSource="c:\program files\arcgis\pro\Resources\ArcToolbox\toolboxes\Data Management Tools.tbx\CalculateField" Date="20210920" Time="170753">CalculateField USTMTAZ_2021_09_21 Res_Cap_2010_2030 "!DEVACRES! * !HUCapDen_1030!" "Python 3" # Text</Process><Process ToolSource="c:\program files\arcgis\pro\Resources\ArcToolbox\toolboxes\Data Management Tools.tbx\CalculateField" Date="20210920" Time="170757">CalculateField USTMTAZ_2021_09_21 Res_Cap_2030_2050 "!DEVACRES! * !HUCapDen_1030!" "Python 3" # Text</Process><Process ToolSource="c:\program files\arcgis\pro\Resources\ArcToolbox\toolboxes\Data Management Tools.tbx\CalculateField" Date="20210920" Time="170802">CalculateField USTMTAZ_2021_09_21 Res_Cap_2050_2060 "!DEVACRES! * !HUCapDen_1030!" "Python 3" # Text</Process><Process ToolSource="c:\program files\arcgis\pro\Resources\ArcToolbox\toolboxes\Data Management Tools.tbx\CalculateField" Date="20210920" Time="170916">CalculateField USTMTAZ_2021_09_21 Res_Cap_2010_2030 "!DEVACRES! * !HUCapDen_1030!" "Python 3" # Text</Process><Process ToolSource="c:\program files\arcgis\pro\Resources\ArcToolbox\toolboxes\Data Management Tools.tbx\CalculateField" Date="20210920" Time="170920">CalculateField USTMTAZ_2021_09_21 Res_Cap_2030_2050 "!DEVACRES! * !HUCapDen_1030!" "Python 3" # Text</Process><Process ToolSource="c:\program files\arcgis\pro\Resources\ArcToolbox\toolboxes\Data Management Tools.tbx\CalculateField" Date="20210920" Time="170924">CalculateField USTMTAZ_2021_09_21 Res_Cap_2050_2060 "!DEVACRES! * !HUCapDen_1030!" "Python 3" # Text</Process><Process ToolSource="c:\program files\arcgis\pro\Resources\ArcToolbox\toolboxes\Data Management Tools.tbx\CalculateField" Date="20210920" Time="171124">CalculateField USTMTAZ_2021_09_21 Emp_Cap_2010_2030 "!Devsqft! * !EmpSqftCap_1030!" "Python 3" # Text</Process><Process ToolSource="c:\program files\arcgis\pro\Resources\ArcToolbox\toolboxes\Data Management Tools.tbx\CalculateField" Date="20210920" Time="171129">CalculateField USTMTAZ_2021_09_21 Emp_Cap_2010_2030 "!Devsqft! * !EmpSqftCap_1030!/1000" "Python 3" # Text</Process><Process ToolSource="c:\program files\arcgis\pro\Resources\ArcToolbox\toolboxes\Data Management Tools.tbx\CalculateField" Date="20210920" Time="171135">CalculateField USTMTAZ_2021_09_21 Emp_Cap_2030_2050_NM "!Devsqft! * !EmpSqftCap_1030!/1000" "Python 3" # Text</Process><Process ToolSource="c:\program files\arcgis\pro\Resources\ArcToolbox\toolboxes\Data Management Tools.tbx\CalculateField" Date="20210920" Time="171140">CalculateField USTMTAZ_2021_09_21 Emp_Cap_2050_2060_NM "!Devsqft! * !EmpSqftCap_1030!/1000" "Python 3" # Text</Process><Process ToolSource="c:\program files\arcgis\pro\Resources\ArcToolbox\toolboxes\Data Management Tools.tbx\CalculateField" Date="20210920" Time="171334">CalculateField USTMTAZ_2021_09_21 Emp_Cap_2010_2030 "!Devsqft! * !EmpSqftCap_1030!/1000" "Python 3" # Text</Process><Process ToolSource="c:\program files\arcgis\pro\Resources\ArcToolbox\toolboxes\Data Management Tools.tbx\CalculateField" Date="20210920" Time="171340">CalculateField USTMTAZ_2021_09_21 Emp_Cap_2030_2050_NM "!Devsqft! * !EmpSqftCap_1030!/1000" "Python 3" # Text</Process><Process ToolSource="c:\program files\arcgis\pro\Resources\ArcToolbox\toolboxes\Data Management Tools.tbx\CalculateField" Date="20210920" Time="171345">CalculateField USTMTAZ_2021_09_21 Emp_Cap_2050_2060_NM "!Devsqft! * !EmpSqftCap_1030!/1000" "Python 3" # Text</Process><Process ToolSource="c:\program files\arcgis\pro\Resources\ArcToolbox\toolboxes\Data Management Tools.tbx\CalculateField" Date="20210920" Time="171530">CalculateField USTMTAZ_2021_09_21 Emp_Cap_2010_2030 "!Devsqft! * !EmpSqftCap_1030!/1000" "Python 3" # Text</Process><Process ToolSource="c:\program files\arcgis\pro\Resources\ArcToolbox\toolboxes\Data Management Tools.tbx\CalculateField" Date="20210920" Time="171535">CalculateField USTMTAZ_2021_09_21 Emp_Cap_2030_2050_NM "!Devsqft! * !EmpSqftCap_1030!/1000" "Python 3" # Text</Process><Process ToolSource="c:\program files\arcgis\pro\Resources\ArcToolbox\toolboxes\Data Management Tools.tbx\CalculateField" Date="20210920" Time="171539">CalculateField USTMTAZ_2021_09_21 Emp_Cap_2050_2060_NM "!Devsqft! * !EmpSqftCap_1030!/1000" "Python 3" # Text</Process><Process ToolSource="c:\program files\arcgis\pro\Resources\ArcToolbox\toolboxes\Data Management Tools.tbx\CalculateField" Date="20210920" Time="171629">CalculateField USTMTAZ_2021_09_21 Emp_Cap_2010_2030 "!Devsqft! * !EmpSqftCap_1030!/1000" "Python 3" # Text</Process><Process ToolSource="c:\program files\arcgis\pro\Resources\ArcToolbox\toolboxes\Data Management Tools.tbx\CalculateField" Date="20210920" Time="171633">CalculateField USTMTAZ_2021_09_21 Emp_Cap_2030_2050_NM "!Devsqft! * !EmpSqftCap_1030!/1000" "Python 3" # Text</Process><Process ToolSource="c:\program files\arcgis\pro\Resources\ArcToolbox\toolboxes\Data Management Tools.tbx\CalculateField" Date="20210920" Time="171638">CalculateField USTMTAZ_2021_09_21 Emp_Cap_2050_2060_NM "!Devsqft! * !EmpSqftCap_1030!/1000" "Python 3" # Text</Process><Process ToolSource="c:\program files\arcgis\pro\Resources\ArcToolbox\toolboxes\Data Management Tools.tbx\CalculateField" Date="20210921" Time="133815">CalculateField USTMTAZ_2021_09_21 HUCapDen_1030 "!Res_Cap_2010_2030! / !DEVACRES!" "Python 3" # Text</Process><Process ToolSource="c:\program files\arcgis\pro\Resources\ArcToolbox\toolboxes\Data Management Tools.tbx\CalculateField" Date="20210921" Time="133837">CalculateField USTMTAZ_2021_09_21 HUCapDen_3050 "!Res_Cap_2030_2050! / !DEVACRES!" "Python 3" # Text</Process><Process ToolSource="c:\program files\arcgis\pro\Resources\ArcToolbox\toolboxes\Data Management Tools.tbx\CalculateField" Date="20210921" Time="133853">CalculateField USTMTAZ_2021_09_21 HUCapDen_5060 "!Res_Cap_2050_2060! / !DEVACRES!" "Python 3" # Text</Process><Process ToolSource="c:\program files\arcgis\pro\Resources\ArcToolbox\toolboxes\Data Management Tools.tbx\CalculateField" Date="20210921" Time="134002">CalculateField USTMTAZ_2021_09_21 EmpSqftCap_1030 "!Emp_Cap_2010_2030! / !Devsqft! * 1000" "Python 3" # Text</Process><Process ToolSource="c:\program files\arcgis\pro\Resources\ArcToolbox\toolboxes\Data Management Tools.tbx\CalculateField" Date="20210921" Time="134019">CalculateField USTMTAZ_2021_09_21 EmpSqftCap_3050 "!Emp_Cap_2030_2050_NM! / !Devsqft! * 1000" "Python 3" # Text</Process><Process ToolSource="c:\program files\arcgis\pro\Resources\ArcToolbox\toolboxes\Data Management Tools.tbx\CalculateField" Date="20210921" Time="134033">CalculateField USTMTAZ_2021_09_21 EmpSqftCap_5060 "!Emp_Cap_2050_2060_NM! / !Devsqft! * 1000" "Python 3" # Text</Process><Process ToolSource="c:\program files\arcgis\pro\Resources\ArcToolbox\toolboxes\Data Management Tools.tbx\CalculateField" Date="20210921" Time="134330">CalculateField USTMTAZ_2021_09_21 Res_Cap_2010_2030 "!HUCapDen_1030! * !DEVACRES!" "Python 3" # Text</Process><Process ToolSource="c:\program files\arcgis\pro\Resources\ArcToolbox\toolboxes\Data Management Tools.tbx\CalculateField" Date="20210921" Time="134340">CalculateField USTMTAZ_2021_09_21 Res_Cap_2030_2050 "!HUCapDen_1030! * !DEVACRES!" "Python 3" # Text</Process><Process ToolSource="c:\program files\arcgis\pro\Resources\ArcToolbox\toolboxes\Data Management Tools.tbx\CalculateField" Date="20210921" Time="134347">CalculateField USTMTAZ_2021_09_21 Res_Cap_2050_2060 "!HUCapDen_1030! * !DEVACRES!" "Python 3" # Text</Process><Process ToolSource="c:\program files\arcgis\pro\Resources\ArcToolbox\toolboxes\Data Management Tools.tbx\CalculateField" Date="20210921" Time="143308">CalculateField USTMTAZ_2021_09_21 Res_Cap_2010_2030 "!HUCapDen_1030! * !DEVACRES!" "Python 3" # Text</Process><Process ToolSource="c:\program files\arcgis\pro\Resources\ArcToolbox\toolboxes\Data Management Tools.tbx\CalculateField" Date="20210921" Time="143318">CalculateField USTMTAZ_2021_09_21 Res_Cap_2030_2050 "!HUCapDen_1030! * !DEVACRES!" "Python 3" # Text</Process><Process ToolSource="c:\program files\arcgis\pro\Resources\ArcToolbox\toolboxes\Data Management Tools.tbx\CalculateField" Date="20210921" Time="143324">CalculateField USTMTAZ_2021_09_21 Res_Cap_2050_2060 "!HUCapDen_1030! * !DEVACRES!" "Python 3" # Text</Process><Process ToolSource="c:\program files\arcgis\pro\Resources\ArcToolbox\toolboxes\Data Management Tools.tbx\CalculateField" Date="20210921" Time="144137">CalculateField USTMTAZ_2021_09_21 Res_Cap_2010_2030 "!HUCapDen_1030! * !DEVACRES!" "Python 3" # Text</Process><Process ToolSource="c:\program files\arcgis\pro\Resources\ArcToolbox\toolboxes\Data Management Tools.tbx\CalculateField" Date="20210921" Time="144142">CalculateField USTMTAZ_2021_09_21 Res_Cap_2030_2050 "!HUCapDen_1030! * !DEVACRES!" "Python 3" # Text</Process><Process ToolSource="c:\program files\arcgis\pro\Resources\ArcToolbox\toolboxes\Data Management Tools.tbx\CalculateField" Date="20210921" Time="144148">CalculateField USTMTAZ_2021_09_21 Res_Cap_2050_2060 "!HUCapDen_1030! * !DEVACRES!" "Python 3" # Text</Process><Process ToolSource="c:\program files\arcgis\pro\Resources\ArcToolbox\toolboxes\Data Management Tools.tbx\CalculateField" Date="20210921" Time="144337">CalculateField USTMTAZ_2021_09_21 Res_Cap_2010_2030 "!DEVACRES! * !HUCapDen_1030!" "Python 3" # Text</Process><Process ToolSource="c:\program files\arcgis\pro\Resources\ArcToolbox\toolboxes\Data Management Tools.tbx\CalculateField" Date="20210921" Time="144345">CalculateField USTMTAZ_2021_09_21 Res_Cap_2030_2050 "!DEVACRES! * !HUCapDen_1030!" "Python 3" # Text</Process><Process ToolSource="c:\program files\arcgis\pro\Resources\ArcToolbox\toolboxes\Data Management Tools.tbx\CalculateField" Date="20210921" Time="144352">CalculateField USTMTAZ_2021_09_21 Res_Cap_2050_2060 "!DEVACRES! * !HUCapDen_1030!" "Python 3" # Text</Process><Process ToolSource="c:\program files\arcgis\pro\Resources\ArcToolbox\toolboxes\Data Management Tools.tbx\AddField" Date="20210921" Time="173301">AddField USTMTAZ_2021_09_21 _JOIN_ID_ "Long (large integer)" # # # # NULLABLE NON_REQUIRED #</Process><Process ToolSource="c:\program files\arcgis\pro\Resources\ArcToolbox\toolboxes\Data Management Tools.tbx\DeleteField" Date="20210921" Time="173308">DeleteField USTMTAZ_2021_09_21 DISTSML</Process><Process ToolSource="c:\program files\arcgis\pro\Resources\ArcToolbox\toolboxes\Data Management Tools.tbx\JoinField" Date="20210921" Time="173311">JoinField USTMTAZ_2021_09_21 _JOIN_ID_ "C:\Users\rbrockmyer\OneDrive - Fehr &amp; Peers\Desktop\UDOT SE\UDOT_SEUPDATE_2021_2022\UDOT_SEUPDATE_2021_2022.gdb\sorted_features_0" _JOIN_ID_ DISTSML</Process><Process ToolSource="c:\program files\arcgis\pro\Resources\ArcToolbox\toolboxes\Data Management Tools.tbx\DeleteField" Date="20210921" Time="173313">DeleteField USTMTAZ_2021_09_21 _JOIN_ID_</Process><Process ToolSource="c:\program files\arcgis\pro\Resources\ArcToolbox\toolboxes\Defense Tools.tbx\NumberFeatures" Date="20210921" Time="173315">NumberFeatures USTMTAZ_2021_09_21 DISTSML # "Upper right" Short</Process><Process ToolSource="c:\program files\arcgis\pro\Resources\ArcToolbox\toolboxes\Analysis Tools.tbx\SpatialJoin" Date="20210921" Time="175156">SpatialJoin USTMTAZ_2021_09_21 USTMTAZ_2021_09_21_Dissolve "C:\Users\rbrockmyer\OneDrive - Fehr &amp; Peers\Desktop\UDOT SE\UDOT_SEUPDATE_2021_2022\UDOT_SEUPDATE_2021_2022.gdb\USTMTAZ_2021_09_21_v2" "Join one to one" KEEP_ALL "TAZID "TAZID" true true false 4 Long 0 0,First,#,USTMTAZ_2021_09_21,TAZID,-1,-1;SA_TAZID "SA_TAZID" true true false 4 Long 0 0,First,#,USTMTAZ_2021_09_21,SA_TAZID,-1,-1;CO_IDX "CO_IDX" true true false 4 Long 0 0,First,#,USTMTAZ_2021_09_21,CO_IDX,-1,-1;CO_TAZID "CO_TAZID" true true false 4 Long 0 0,First,#,USTMTAZ_2021_09_21,CO_TAZID,-1,-1;SUBAREAID "SUBAREAID" true true false 4 Long 0 0,First,#,USTMTAZ_2021_09_21,SUBAREAID,-1,-1;ACRES "ACRES" true true false 8 Double 0 0,First,#,USTMTAZ_2021_09_21,ACRES,-1,-1;DEVACRES "DEVACRES" true true false 8 Double 0 0,First,#,USTMTAZ_2021_09_21,DEVACRES,-1,-1;DEVPBLEPCT "DEVPBLEPCT" true true false 8 Double 0 0,First,#,USTMTAZ_2021_09_21,DEVPBLEPCT,-1,-1;X "X" true true false 8 Double 0 0,First,#,USTMTAZ_2021_09_21,X,-1,-1;Y "Y" true true false 8 Double 0 0,First,#,USTMTAZ_2021_09_21,Y,-1,-1;ADJ_XY "ADJ_XY" true true false 4 Long 0 0,First,#,USTMTAZ_2021_09_21,ADJ_XY,-1,-1;CO_FIPS "CO_FIPS" true true false 4 Long 0 0,First,#,USTMTAZ_2021_09_21,CO_FIPS,-1,-1;CO_NAME "CO_NAME" true true false 56 Text 0 0,First,#,USTMTAZ_2021_09_21,CO_NAME,0,56;CITY_NAME "CITY_NAME" true true false 56 Text 0 0,First,#,USTMTAZ_2021_09_21,CITY_NAME,0,56;DISTSUPER "DISTSUPER" true true false 4 Long 0 0,First,#,USTMTAZ_2021_09_21,DISTSUPER,-1,-1;DSUP_NAME "DSUP_NAME" true true false 56 Text 0 0,First,#,USTMTAZ_2021_09_21,DSUP_NAME,0,56;DISTLRG "DISTLRG" true true false 4 Long 0 0,First,#,USTMTAZ_2021_09_21,DISTLRG,-1,-1;DLRG_NAME "DLRG_NAME" true true false 56 Text 0 0,First,#,USTMTAZ_2021_09_21,DLRG_NAME,0,56;DISTMED "DISTMED" true true false 4 Long 0 0,First,#,USTMTAZ_2021_09_21,DISTMED,-1,-1;DMED_NAME "DMED_NAME" true true false 56 Text 0 0,First,#,USTMTAZ_2021_09_21,DMED_NAME,0,56;SORT "SORT" true true false 4 Long 0 0,First,#,USTMTAZ_2021_09_21,SORT,-1,-1;DSML_NAME "DSML_NAME" true true false 56 Text 0 0,First,#,USTMTAZ_2021_09_21,DSML_NAME,0,56;New_CO_TAZID "New_CO_TAZID" true true false 4 Long 0 0,First,#,USTMTAZ_2021_09_21,New_CO_TAZID,-1,-1;Old_CO_TAZID "Old_CO_TAZID" true true false 4 Long 0 0,First,#,USTMTAZ_2021_09_21,Old_CO_TAZID,-1,-1;SUBAREAID_1 "SUBAREAID" true true false 4 Long 0 0,First,#,USTMTAZ_2021_09_21,SUBAREAID_1,-1,-1;CO_NAME_1 "CO_NAME" true true false 8000 Text 0 0,First,#,USTMTAZ_2021_09_21,CO_NAME_1,0,8000;Split_Flag "Split_Flag" true true false 4 Long 0 0,First,#,USTMTAZ_2021_09_21,Split_Flag,-1,-1;Notes "Notes" true true false 8000 Text 0 0,First,#,USTMTAZ_2021_09_21,Notes,0,8000;Res_Cap_2010_2030 "Res Cap 2010-2030" true true false 8 Double 0 0,First,#,USTMTAZ_2021_09_21,Res_Cap_2010_2030,-1,-1;Res_Cap_2030_2050 "Res Cap 2030-2050" true true false 8 Double 0 0,First,#,USTMTAZ_2021_09_21,Res_Cap_2030_2050,-1,-1;Res_Cap_2050_2060 "Res Cap 2050-2060" true true false 8 Double 0 0,First,#,USTMTAZ_2021_09_21,Res_Cap_2050_2060,-1,-1;Emp_Cap_2010_2030 "Emp Cap 2010-2030" true true false 8 Double 0 0,First,#,USTMTAZ_2021_09_21,Emp_Cap_2010_2030,-1,-1;Emp_Cap_2030_2050_NM "Emp_Cap_2030_2050_NM" true true false 8 Double 0 0,First,#,USTMTAZ_2021_09_21,Emp_Cap_2030_2050_NM,-1,-1;Emp_Cap_2050_2060_NM "Emp_Cap_2050_2060_NM" true true false 8 Double 0 0,First,#,USTMTAZ_2021_09_21,Emp_Cap_2050_2060_NM,-1,-1;Sqft "Sqft" true true false 8 Double 0 0,First,#,USTMTAZ_2021_09_21,Sqft,-1,-1;Devsqft "Devsqft" true true false 8 Double 0 0,First,#,USTMTAZ_2021_09_21,Devsqft,-1,-1;HUCapDen_1030 "HUCapDen_1030" true true false 8 Double 0 0,First,#,USTMTAZ_2021_09_21,HUCapDen_1030,-1,-1;HUCapDen_3050 "HUCapDen_3050" true true false 8 Double 0 0,First,#,USTMTAZ_2021_09_21,HUCapDen_3050,-1,-1;HUCapDen_5060 "HUCapDen_5060" true true false 8 Double 0 0,First,#,USTMTAZ_2021_09_21,HUCapDen_5060,-1,-1;EmpSqftCap_1030 "EmpSqftCap_1030" true true false 8 Double 0 0,First,#,USTMTAZ_2021_09_21,EmpSqftCap_1030,-1,-1;EmpSqftCap_3050 "EmpSqftCap_3050" true true false 8 Double 0 0,First,#,USTMTAZ_2021_09_21,EmpSqftCap_3050,-1,-1;EmpSqftCap_5060 "EmpSqftCap_5060" true true false 8 Double 0 0,First,#,USTMTAZ_2021_09_21,EmpSqftCap_5060,-1,-1;RSEED_1020 "RSEED_1020" true true false 4 Long 0 0,First,#,USTMTAZ_2021_09_21,RSEED_1020,-1,-1;RSEED_2030 "RSEED_2030" true true false 4 Long 0 0,First,#,USTMTAZ_2021_09_21,RSEED_2030,-1,-1;RSEED_3050 "RSEED_3050" true true false 4 Long 0 0,First,#,USTMTAZ_2021_09_21,RSEED_3050,-1,-1;RSEED_5060 "RSEED_5060" true true false 4 Long 0 0,First,#,USTMTAZ_2021_09_21,RSEED_5060,-1,-1;ESEED_1020 "ESEED_1020" true true false 4 Long 0 0,First,#,USTMTAZ_2021_09_21,ESEED_1020,-1,-1;ESEED_2030 "ESEED_2030" true true false 4 Long 0 0,First,#,USTMTAZ_2021_09_21,ESEED_2030,-1,-1;ESEED3050 "ESEED3050" true true false 4 Long 0 0,First,#,USTMTAZ_2021_09_21,ESEED3050,-1,-1;ESEED5060 "ESEED5060" true true false 4 Long 0 0,First,#,USTMTAZ_2021_09_21,ESEED5060,-1,-1;RGFAC_1020 "RGFAC_1020" true true false 8 Double 0 0,First,#,USTMTAZ_2021_09_21,RGFAC_1020,-1,-1;RGFAC_2030 "RGFAC_2030" true true false 8 Double 0 0,First,#,USTMTAZ_2021_09_21,RGFAC_2030,-1,-1;RGFAC_3040 "RGFAC_3040" true true false 8 Double 0 0,First,#,USTMTAZ_2021_09_21,RGFAC_3040,-1,-1;RGFAC_4050 "RGFAC_4050" true true false 8 Double 0 0,First,#,USTMTAZ_2021_09_21,RGFAC_4050,-1,-1;RGFAC_5060 "RGFAC_5060" true true false 8 Double 0 0,First,#,USTMTAZ_2021_09_21,RGFAC_5060,-1,-1;EGFAC_1020 "EGFAC_1020" true true false 4 Long 0 0,First,#,USTMTAZ_2021_09_21,EGFAC_1020,-1,-1;EGFAC_2030 "EGFAC_2030" true true false 4 Long 0 0,First,#,USTMTAZ_2021_09_21,EGFAC_2030,-1,-1;EGFAC_3040 "EGFAC_3040" true true false 4 Long 0 0,First,#,USTMTAZ_2021_09_21,EGFAC_3040,-1,-1;EGFAC_4050 "EGFAC_4050" true true false 4 Long 0 0,First,#,USTMTAZ_2021_09_21,EGFAC_4050,-1,-1;EGFAC_5060 "EGFAC_5060" true true false 4 Long 0 0,First,#,USTMTAZ_2021_09_21,EGFAC_5060,-1,-1;CABIN_1020 "CABIN_1020" true true false 4 Long 0 0,First,#,USTMTAZ_2021_09_21,CABIN_1020,-1,-1;CABIN_2030 "CABIN_2030" true true false 4 Long 0 0,First,#,USTMTAZ_2021_09_21,CABIN_2030,-1,-1;CABIN_3040 "CABIN_3040" true true false 4 Long 0 0,First,#,USTMTAZ_2021_09_21,CABIN_3040,-1,-1;CABIN_4050 "CABIN_4050" true true false 4 Long 0 0,First,#,USTMTAZ_2021_09_21,CABIN_4050,-1,-1;CABIN_5060 "CABIN_5060" true true false 4 Long 0 0,First,#,USTMTAZ_2021_09_21,CABIN_5060,-1,-1;CONDO_1020 "CONDO_1020" true true false 4 Long 0 0,First,#,USTMTAZ_2021_09_21,CONDO_1020,-1,-1;CONDO_2030 "CONDO_2030" true true false 4 Long 0 0,First,#,USTMTAZ_2021_09_21,CONDO_2030,-1,-1;CONDO_3040 "CONDO_3040" true true false 4 Long 0 0,First,#,USTMTAZ_2021_09_21,CONDO_3040,-1,-1;CONDO_4050 "CONDO_4050" true true false 4 Long 0 0,First,#,USTMTAZ_2021_09_21,CONDO_4050,-1,-1;CONDO_5060 "CONDO_5060" true true false 4 Long 0 0,First,#,USTMTAZ_2021_09_21,CONDO_5060,-1,-1;HOTEL_1020 "HOTEL_1020" true true false 4 Long 0 0,First,#,USTMTAZ_2021_09_21,HOTEL_1020,-1,-1;HOTEL_2030 "HOTEL_2030" true true false 4 Long 0 0,First,#,USTMTAZ_2021_09_21,HOTEL_2030,-1,-1;HOTEL_3040 "HOTEL_3040" true true false 4 Long 0 0,First,#,USTMTAZ_2021_09_21,HOTEL_3040,-1,-1;HOTEL_4050 "HOTEL_4050" true true false 4 Long 0 0,First,#,USTMTAZ_2021_09_21,HOTEL_4050,-1,-1;HOTEL_5060 "HOTEL_5060" true true false 4 Long 0 0,First,#,USTMTAZ_2021_09_21,HOTEL_5060,-1,-1;DSML "DSML" true true false 2 Short 0 0,First,#,USTMTAZ_2021_09_21_Dissolve,DSML,-1,-1" "Have their center in" # #</Process><Process ToolSource="c:\program files\arcgis\pro\Resources\ArcToolbox\toolboxes\Conversion Tools.tbx\FeatureClassToFeatureClass" Date="20210922" Time="121952">FeatureClassToFeatureClass USTMTAZ_2021_09_21_v2 "C:\Users\rbrockmyer\OneDrive - Fehr &amp; Peers\Desktop\UDOT SE\UDOT_SEUPDATE_2021_2022\UDOT_SEUPDATE_2021_2022.gdb" USTMTAZ_2021_09_22 # "TAZID "TAZID" true true false 4 Long 0 0,First,#,USTMTAZ_2021_09_21_v2,TAZID,-1,-1;SA_TAZID "SA_TAZID" true true false 4 Long 0 0,First,#,USTMTAZ_2021_09_21_v2,SA_TAZID,-1,-1;CO_IDX "CO_IDX" true true false 4 Long 0 0,First,#,USTMTAZ_2021_09_21_v2,CO_IDX,-1,-1;CO_TAZID "CO_TAZID" true true false 4 Long 0 0,First,#,USTMTAZ_2021_09_21_v2,CO_TAZID,-1,-1;SUBAREAID "SUBAREAID" true true false 4 Long 0 0,First,#,USTMTAZ_2021_09_21_v2,SUBAREAID,-1,-1;ACRES "ACRES" true true false 8 Double 0 0,First,#,USTMTAZ_2021_09_21_v2,ACRES,-1,-1;DEVACRES "DEVACRES" true true false 8 Double 0 0,First,#,USTMTAZ_2021_09_21_v2,DEVACRES,-1,-1;DEVPBLEPCT "DEVPBLEPCT" true true false 8 Double 0 0,First,#,USTMTAZ_2021_09_21_v2,DEVPBLEPCT,-1,-1;X "X" true true false 8 Double 0 0,First,#,USTMTAZ_2021_09_21_v2,X,-1,-1;Y "Y" true true false 8 Double 0 0,First,#,USTMTAZ_2021_09_21_v2,Y,-1,-1;ADJ_XY "ADJ_XY" true true false 4 Long 0 0,First,#,USTMTAZ_2021_09_21_v2,ADJ_XY,-1,-1;CO_FIPS "CO_FIPS" true true false 4 Long 0 0,First,#,USTMTAZ_2021_09_21_v2,CO_FIPS,-1,-1;CO_NAME "CO_NAME" true true false 56 Text 0 0,First,#,USTMTAZ_2021_09_21_v2,CO_NAME,0,56;CITY_NAME "CITY_NAME" true true false 56 Text 0 0,First,#,USTMTAZ_2021_09_21_v2,CITY_NAME,0,56;DISTSUPER "DISTSUPER" true true false 4 Long 0 0,First,#,USTMTAZ_2021_09_21_v2,DISTSUPER,-1,-1;DSUP_NAME "DSUP_NAME" true true false 56 Text 0 0,First,#,USTMTAZ_2021_09_21_v2,DSUP_NAME,0,56;DISTLRG "DISTLRG" true true false 4 Long 0 0,First,#,USTMTAZ_2021_09_21_v2,DISTLRG,-1,-1;DLRG_NAME "DLRG_NAME" true true false 56 Text 0 0,First,#,USTMTAZ_2021_09_21_v2,DLRG_NAME,0,56;DISTMED "DISTMED" true true false 4 Long 0 0,First,#,USTMTAZ_2021_09_21_v2,DISTMED,-1,-1;DMED_NAME "DMED_NAME" true true false 56 Text 0 0,First,#,USTMTAZ_2021_09_21_v2,DMED_NAME,0,56;DSML "DSML" true true false 2 Short 0 0,First,#,USTMTAZ_2021_09_21_v2,DSML,-1,-1;DSML_NAME "DSML_NAME" true true false 56 Text 0 0,First,#,USTMTAZ_2021_09_21_v2,DSML_NAME,0,56;SORT "SORT" true true false 4 Long 0 0,First,#,USTMTAZ_2021_09_21_v2,SORT,-1,-1" #</Process><Process ToolSource="c:\program files\arcgis\pro\Resources\ArcToolbox\toolboxes\Data Management Tools.tbx\CopyFeatures" Date="20210922" Time="122103">CopyFeatures USTMTAZ_2021_09_22 "C:\Users\rbrockmyer\OneDrive - Fehr &amp; Peers\Desktop\UDOT SE\UpdatedTAZ_2021_09\USTMTAZ_2021_09_22.shp" # # # #</Process><Process ToolSource="c:\program files\arcgis\pro\Resources\ArcToolbox\toolboxes\Data Management Tools.tbx\Rename" Date="20210929" Time="173255">Rename "C:\Users\cworthen\Desktop\Coordination\2 - Data\1 - TAZ\USTM v2.1d\Update TAZ - 2021-09-22\USTMTAZ_2021_09_22\USTMTAZ_2021_09_22.shp" "C:\Users\cworthen\Desktop\Coordination\2 - Data\1 - TAZ\USTM v2.1d\Update TAZ - 2021-09-22\USTMTAZ_2021_09_22\USTMT_AZ_2021_09_22.shp" ShapeFile</Process><Process ToolSource="c:\program files\arcgis\pro\Resources\ArcToolbox\toolboxes\Data Management Tools.tbx\Rename" Date="20210929" Time="173305">Rename "C:\Users\cworthen\Desktop\Coordination\2 - Data\1 - TAZ\USTM v2.1d\Update TAZ - 2021-09-22\USTMTAZ_2021_09_22\USTMT_AZ_2021_09_22.shp" "C:\Users\cworthen\Desktop\Coordination\2 - Data\1 - TAZ\USTM v2.1d\Update TAZ - 2021-09-22\USTMTAZ_2021_09_22\USTM_TAZ_2021_09_22.shp" ShapeFile</Process><Process ToolSource="c:\program files\arcgis\pro\Resources\ArcToolbox\toolboxes\Data Management Tools.tbx\UpdateSchema" Date="20210930" Time="094458">UpdateSchema "CIMDATA=&lt;CIMStandardDataConnection xsi:type='typens:CIMStandardDataConnection' xmlns:xsi='http://www.w3.org/2001/XMLSchema-instance' xmlns:xs='http://www.w3.org/2001/XMLSchema' xmlns:typens='http://www.esri.com/schemas/ArcGIS/2.5.0'&gt;&lt;WorkspaceConnectionString&gt;DATABASE=C:\Users\cworthen\Desktop\Coordination\2 - Data\1 - TAZ\USTM v2.1d\Update TAZ - 2021-09-22\USTMTAZ_2021_09_22&lt;/WorkspaceConnectionString&gt;&lt;WorkspaceFactory&gt;Shapefile&lt;/WorkspaceFactory&gt;&lt;Dataset&gt;USTM_TAZ_2021_09_22&lt;/Dataset&gt;&lt;DatasetType&gt;esriDTFeatureClass&lt;/DatasetType&gt;&lt;/CIMStandardDataConnection&gt;" &lt;operationSequence&gt;&lt;workflow&gt;&lt;DeleteField&gt;&lt;field_name&gt;Shape_Leng&lt;/field_name&gt;&lt;field_name&gt;Shape_Area&lt;/field_name&gt;&lt;/DeleteField&gt;&lt;/workflow&gt;&lt;/operationSequence&gt;</Process><Process ToolSource="c:\program files\arcgis\pro\Resources\ArcToolbox\toolboxes\Conversion Tools.tbx\FeatureClassToFeatureClass" Date="20220701" Time="131749">FeatureClassToFeatureClass USTM_TAZ_2021_09_22 E:\WebAppBuilderForArcGIS_v2.20\server\apps\12\widgets\SESidebar\data Masks.shp # "TAZID "TAZID" true true false 10 Long 0 10,First,#,USTM_TAZ_2021_09_22,TAZID,-1,-1;SA_TAZID "SA_TAZID" true true false 10 Long 0 10,First,#,USTM_TAZ_2021_09_22,SA_TAZID,-1,-1;CO_IDX "CO_IDX" true true false 10 Long 0 10,First,#,USTM_TAZ_2021_09_22,CO_IDX,-1,-1;CO_TAZID "CO_TAZID" true true false 10 Long 0 10,First,#,USTM_TAZ_2021_09_22,CO_TAZID,-1,-1;SUBAREAID "SUBAREAID" true true false 10 Long 0 10,First,#,USTM_TAZ_2021_09_22,SUBAREAID,-1,-1;ACRES "ACRES" true true false 19 Double 11 18,First,#,USTM_TAZ_2021_09_22,ACRES,-1,-1;DEVACRES "DEVACRES" true true false 19 Double 11 18,First,#,USTM_TAZ_2021_09_22,DEVACRES,-1,-1;DEVPBLEPCT "DEVPBLEPCT" true true false 19 Double 11 18,First,#,USTM_TAZ_2021_09_22,DEVPBLEPCT,-1,-1;X "X" true true false 19 Double 11 18,First,#,USTM_TAZ_2021_09_22,X,-1,-1;Y "Y" true true false 19 Double 11 18,First,#,USTM_TAZ_2021_09_22,Y,-1,-1;ADJ_XY "ADJ_XY" true true false 10 Long 0 10,First,#,USTM_TAZ_2021_09_22,ADJ_XY,-1,-1;CO_FIPS "CO_FIPS" true true false 10 Long 0 10,First,#,USTM_TAZ_2021_09_22,CO_FIPS,-1,-1;CO_NAME "CO_NAME" true true false 56 Text 0 0,First,#,USTM_TAZ_2021_09_22,CO_NAME,0,56;CITY_NAME "CITY_NAME" true true false 56 Text 0 0,First,#,USTM_TAZ_2021_09_22,CITY_NAME,0,56;DISTSUPER "DISTSUPER" true true false 10 Long 0 10,First,#,USTM_TAZ_2021_09_22,DISTSUPER,-1,-1;DSUP_NAME "DSUP_NAME" true true false 56 Text 0 0,First,#,USTM_TAZ_2021_09_22,DSUP_NAME,0,56;DISTLRG "DISTLRG" true true false 10 Long 0 10,First,#,USTM_TAZ_2021_09_22,DISTLRG,-1,-1;DLRG_NAME "DLRG_NAME" true true false 56 Text 0 0,First,#,USTM_TAZ_2021_09_22,DLRG_NAME,0,56;DISTMED "DISTMED" true true false 10 Long 0 10,First,#,USTM_TAZ_2021_09_22,DISTMED,-1,-1;DMED_NAME "DMED_NAME" true true false 56 Text 0 0,First,#,USTM_TAZ_2021_09_22,DMED_NAME,0,56;DISTSML "DISTSML" true true false 10 Long 0 10,First,#,USTM_TAZ_2021_09_22,DISTSML,-1,-1;DSML_NAME "DSML_NAME" true true false 56 Text 0 0,First,#,USTM_TAZ_2021_09_22,DSML_NAME,0,56;SORT "SORT" true true false 10 Long 0 10,First,#,USTM_TAZ_2021_09_22,SORT,-1,-1;TAZID_V21B "TAZID_V21B" true true false 10 Long 0 10,First,#,USTM_TAZ_2021_09_22,TAZID_V21B,-1,-1;SATAZ_V21B "SATAZ_V21B" true true false 10 Long 0 10,First,#,USTM_TAZ_2021_09_22,SATAZ_V21B,-1,-1;COTAZ_V21B "COTAZ_V21B" true true false 10 Long 0 10,First,#,USTM_TAZ_2021_09_22,COTAZ_V21B,-1,-1;SUBID_V21B "SUBID_V21B" true true false 10 Long 0 10,First,#,USTM_TAZ_2021_09_22,SUBID_V21B,-1,-1;TAZID_V21A "TAZID_V21A" true true false 10 Long 0 10,First,#,USTM_TAZ_2021_09_22,TAZID_V21A,-1,-1;SATAZ_V21A "SATAZ_V21A" true true false 10 Long 0 10,First,#,USTM_TAZ_2021_09_22,SATAZ_V21A,-1,-1;COTAZ_V21A "COTAZ_V21A" true true false 10 Long 0 10,First,#,USTM_TAZ_2021_09_22,COTAZ_V21A,-1,-1;SUBID_V21A "SUBID_V21A" true true false 10 Long 0 10,First,#,USTM_TAZ_2021_09_22,SUBID_V21A,-1,-1" #</Process><Process ToolSource="c:\program files\arcgis\pro\Resources\ArcToolbox\toolboxes\Data Management Tools.tbx\DeleteField" Date="20220701" Time="131807">DeleteField Masks ACRES;DEVACRES;DEVPBLEPCT;X;Y;ADJ_XY;CO_FIPS;CO_NAME "Delete Fields"</Process><Process ToolSource="c:\program files\arcgis\pro\Resources\ArcToolbox\toolboxes\Data Management Tools.tbx\DeleteField" Date="20220701" Time="131814">DeleteField Masks CITY_NAME;DISTSUPER;DSUP_NAME;DISTLRG;DLRG_NAME;DISTMED;DMED_NAME;DISTSML;DSML_NAME;SORT;TAZID_V21B;SATAZ_V21B;COTAZ_V21B;SUBID_V21B;TAZID_V21A "Delete Fields"</Process><Process ToolSource="c:\program files\arcgis\pro\Resources\ArcToolbox\toolboxes\Data Management Tools.tbx\DeleteField" Date="20220701" Time="131820">DeleteField Masks SATAZ_V21A;COTAZ_V21A;SUBID_V21A "Delete Fields"</Process><Process ToolSource="c:\program files\arcgis\pro\Resources\ArcToolbox\toolboxes\Data Management Tools.tbx\UpdateSchema" Date="20220701" Time="131839">UpdateSchema "CIMDATA=&lt;CIMStandardDataConnection xsi:type='typens:CIMStandardDataConnection' xmlns:xsi='http://www.w3.org/2001/XMLSchema-instance' xmlns:xs='http://www.w3.org/2001/XMLSchema' xmlns:typens='http://www.esri.com/schemas/ArcGIS/2.9.0'&gt;&lt;WorkspaceConnectionString&gt;DATABASE=E:\WebAppBuilderForArcGIS_v2.20\server\apps\12\widgets\SESidebar\data&lt;/WorkspaceConnectionString&gt;&lt;WorkspaceFactory&gt;Shapefile&lt;/WorkspaceFactory&gt;&lt;Dataset&gt;Masks&lt;/Dataset&gt;&lt;DatasetType&gt;esriDTFeatureClass&lt;/DatasetType&gt;&lt;/CIMStandardDataConnection&gt;" &lt;operationSequence&gt;&lt;workflow&gt;&lt;AddField&gt;&lt;field_name&gt;Masks&lt;/field_name&gt;&lt;field_type&gt;TEXT&lt;/field_type&gt;&lt;field_length&gt;15&lt;/field_length&gt;&lt;field_is_nullable&gt;False&lt;/field_is_nullable&gt;&lt;field_is_required&gt;False&lt;/field_is_required&gt;&lt;/AddField&gt;&lt;/workflow&gt;&lt;/operationSequence&gt;</Process><Process ToolSource="c:\program files\arcgis\pro\Resources\ArcToolbox\toolboxes\Data Management Tools.tbx\CalculateField" Date="20220701" Time="131915">CalculateField Masks Masks 'FullMask' "Python 3" # Text NO_ENFORCE_DOMAINS</Process><Process ToolSource="c:\program files\arcgis\pro\Resources\ArcToolbox\toolboxes\Data Management Tools.tbx\CalculateField" Date="20220701" Time="132103">CalculateField Masks Masks 'HalfMask' "Python 3" # Text NO_ENFORCE_DOMAINS</Process><Process ToolSource="c:\program files\arcgis\pro\Resources\ArcToolbox\toolboxes\Data Management Tools.tbx\CalculateField" Date="20220701" Time="132250">CalculateField Masks Masks 'NoMask' "Python 3" # Text NO_ENFORCE_DOMAINS</Process><Process ToolSource="c:\program files\arcgis\pro\Resources\ArcToolbox\toolboxes\Data Management Tools.tbx\CalculateField" Date="20220701" Time="132521">CalculateField Masks Masks 'HalfMask' "Python 3" # Text NO_ENFORCE_DOMAINS</Process><Process ToolSource="c:\program files\arcgis\pro\Resources\ArcToolbox\toolboxes\Data Management Tools.tbx\CalculateField" Date="20220701" Time="132623">CalculateField Masks Masks 'HalfMask' "Python 3" # Text NO_ENFORCE_DOMAINS</Process><Process ToolSource="c:\program files\arcgis\pro\Resources\ArcToolbox\toolboxes\Data Management Tools.tbx\CalculateField" Date="20220701" Time="132730">CalculateField Masks Masks 'HalfMask' "Python 3" # Text NO_ENFORCE_DOMAINS</Process><Process ToolSource="c:\program files\arcgis\pro\Resources\ArcToolbox\toolboxes\Data Management Tools.tbx\CalculateField" Date="20220701" Time="132910">CalculateField Masks Masks 'HalfMask' "Python 3" # Text NO_ENFORCE_DOMAINS</Process><Process ToolSource="c:\program files\arcgis\pro\Resources\ArcToolbox\toolboxes\Data Management Tools.tbx\CalculateField" Date="20220701" Time="132945">CalculateField Masks Masks 'FullMask' "Python 3" # Text NO_ENFORCE_DOMAINS</Process><Process ToolSource="c:\program files\arcgis\pro\Resources\ArcToolbox\toolboxes\Data Management Tools.tbx\CalculateField" Date="20220701" Time="133026">CalculateField Masks Masks 'HalfMask' "Python 3" # Text NO_ENFORCE_DOMAINS</Process><Process ToolSource="c:\program files\arcgis\pro\Resources\ArcToolbox\toolboxes\Data Management Tools.tbx\CalculateField" Date="20220701" Time="133140">CalculateField Masks Masks 'NoMask' "Python 3" # Text NO_ENFORCE_DOMAINS</Process><Process ToolSource="c:\program files\arcgis\pro\Resources\ArcToolbox\toolboxes\Data Management Tools.tbx\CalculateField" Date="20220701" Time="133234">CalculateField Masks Masks 'NoMask' "Python 3" # Text NO_ENFORCE_DOMAINS</Process><Process ToolSource="c:\program files\arcgis\pro\Resources\ArcToolbox\toolboxes\Data Management Tools.tbx\CalculateField" Date="20220701" Time="133310">CalculateField Masks Masks 'NoMask' "Python 3" # Text NO_ENFORCE_DOMAINS</Process><Process ToolSource="c:\program files\arcgis\pro\Resources\ArcToolbox\toolboxes\Data Management Tools.tbx\CalculateField" Date="20220701" Time="133430">CalculateField Masks Masks 'NoMask' "Python 3" # Text NO_ENFORCE_DOMAINS</Process><Process ToolSource="c:\program files\arcgis\pro\Resources\ArcToolbox\toolboxes\Data Management Tools.tbx\CalculateField" Date="20220701" Time="134309">CalculateField Masks Masks 'NoMask' "Python 3" # Text NO_ENFORCE_DOMAINS</Process><Process ToolSource="c:\program files\arcgis\pro\Resources\ArcToolbox\toolboxes\Data Management Tools.tbx\CalculateField" Date="20220701" Time="134419">CalculateField Masks Masks 'NoMask' "Python 3" # Text NO_ENFORCE_DOMAINS</Process><Process ToolSource="c:\program files\arcgis\pro\Resources\ArcToolbox\toolboxes\Data Management Tools.tbx\CalculateField" Date="20220701" Time="134605">CalculateField Masks Masks 'NoMask' "Python 3" # Text NO_ENFORCE_DOMAINS</Process><Process ToolSource="c:\program files\arcgis\pro\Resources\ArcToolbox\toolboxes\Data Management Tools.tbx\CalculateField" Date="20220701" Time="134636">CalculateField Masks Masks 'NoMask' "Python 3" # Text NO_ENFORCE_DOMAINS</Process><Process ToolSource="c:\program files\arcgis\pro\Resources\ArcToolbox\toolboxes\Data Management Tools.tbx\CalculateField" Date="20220701" Time="151544">CalculateField Masks Masks 'HalfMask' "Python 3" # Text NO_ENFORCE_DOMAINS</Process><Process ToolSource="c:\program files\arcgis\pro\Resources\ArcToolbox\toolboxes\Data Management Tools.tbx\CalculateField" Date="20220701" Time="151618">CalculateField Masks Masks 'NoMask' "Python 3" # Text NO_ENFORCE_DOMAINS</Process><Process ToolSource="c:\program files\arcgis\pro\Resources\ArcToolbox\toolboxes\Data Management Tools.tbx\CalculateField" Date="20221010" Time="144212">CalculateField Masks Masks 'NoMask' "Python 3" # Text NO_ENFORCE_DOMAINS</Process><Process ToolSource="c:\program files\arcgis\pro\Resources\ArcToolbox\toolboxes\Analysis Tools.tbx\PairwiseDissolve" Date="20221010" Time="144410">PairwiseDissolve Masks E:\WebAppBuilderForArcGIS_v2.20\server\apps\12\widgets\SESidebar\data\Masks_Dissolve.shp Masks # MULTI_PART #</Process></lineage><itemProps><itemName Sync="TRUE">Masks_Dissolve</itemName><imsContentType Sync="TRUE">002</imsContentType><itemLocation><linkage Sync="TRUE">file://\\I7-088629\E$\WebAppBuilderForArcGIS_v2.20\server\apps\12\widgets\SESidebar\data\Masks_Dissolve.shp</linkage><protocol Sync="TRUE">Local Area Network</protocol></itemLocation><itemSize Sync="TRUE">0.000</itemSize></itemProps><coordRef><type Sync="TRUE">Projected</type><geogcsn Sync="TRUE">GCS_North_American_1983</geogcsn><csUnits Sync="TRUE">Linear Unit: Meter (1.000000)</csUnits><projcsn Sync="TRUE">NAD_1983_UTM_Zone_12N</projcsn><peXml Sync="TRUE">&lt;ProjectedCoordinateSystem xsi:type='typens:ProjectedCoordinateSystem' xmlns:xsi='http://www.w3.org/2001/XMLSchema-instance' xmlns:xs='http://www.w3.org/2001/XMLSchema' xmlns:typens='http://www.esri.com/schemas/ArcGIS/3.0.0'&gt;&lt;WKT&gt;PROJCS[&amp;quot;NAD_1983_UTM_Zone_12N&amp;quot;,GEOGCS[&amp;quot;GCS_North_American_1983&amp;quot;,DATUM[&amp;quot;D_North_American_1983&amp;quot;,SPHEROID[&amp;quot;GRS_1980&amp;quot;,6378137.0,298.257222101]],PRIMEM[&amp;quot;Greenwich&amp;quot;,0.0],UNIT[&amp;quot;Degree&amp;quot;,0.0174532925199433]],PROJECTION[&amp;quot;Transverse_Mercator&amp;quot;],PARAMETER[&amp;quot;False_Easting&amp;quot;,500000.0],PARAMETER[&amp;quot;False_Northing&amp;quot;,0.0],PARAMETER[&amp;quot;Central_Meridian&amp;quot;,-111.0],PARAMETER[&amp;quot;Scale_Factor&amp;quot;,0.9996],PARAMETER[&amp;quot;Latitude_Of_Origin&amp;quot;,0.0],UNIT[&amp;quot;Meter&amp;quot;,1.0],AUTHORITY[&amp;quot;EPSG&amp;quot;,26912]]&lt;/WKT&gt;&lt;XOrigin&gt;-5120900&lt;/XOrigin&gt;&lt;YOrigin&gt;-9998100&lt;/YOrigin&gt;&lt;XYScale&gt;450445547.3910538&lt;/XYScale&gt;&lt;ZOrigin&gt;-100000&lt;/ZOrigin&gt;&lt;ZScale&gt;10000&lt;/ZScale&gt;&lt;MOrigin&gt;-100000&lt;/MOrigin&gt;&lt;MScale&gt;10000&lt;/MScale&gt;&lt;XYTolerance&gt;0.001&lt;/XYTolerance&gt;&lt;ZTolerance&gt;0.001&lt;/ZTolerance&gt;&lt;MTolerance&gt;0.001&lt;/MTolerance&gt;&lt;HighPrecision&gt;true&lt;/HighPrecision&gt;&lt;WKID&gt;26912&lt;/WKID&gt;&lt;LatestWKID&gt;26912&lt;/LatestWKID&gt;&lt;/ProjectedCoordinateSystem&gt;</peXml></coordRef></DataProperties><SyncDate>20221010</SyncDate><SyncTime>14440900</SyncTime><ModDate>20221010</ModDate><ModTime>14440900</ModTime></Esri><dataIdInfo><envirDesc Sync="TRUE">Microsoft Windows 10 Version 10.0 (Build 19044) ; Esri ArcGIS 13.0.0.36056</envirDesc><dataLang><languageCode value="eng" Sync="TRUE"></languageCode><countryCode value="USA" Sync="TRUE"></countryCode></dataLang><idCitation><resTitle Sync="TRUE">Masks_Dissolve</resTitle><presForm><PresFormCd value="005" Sync="TRUE"></PresFormCd></presForm></idCitation><spatRpType><SpatRepTypCd value="001" Sync="TRUE"></SpatRepTypCd></spatRpType></dataIdInfo><mdLang><languageCode value="eng" Sync="TRUE"></languageCode><countryCode value="USA" Sync="TRUE"></countryCode></mdLang><distInfo><distFormat><formatName Sync="TRUE">Shapefile</formatName></distFormat><distTranOps><transSize Sync="TRUE">0.000</transSize></distTranOps></distInfo><mdHrLv><ScopeCd value="005" Sync="TRUE"></ScopeCd></mdHrLv><mdHrLvName Sync="TRUE">dataset</mdHrLvName><refSysInfo><RefSystem><refSysID><identCode code="26912" Sync="TRUE"></identCode><idCodeSpace Sync="TRUE">EPSG</idCodeSpace><idVersion Sync="TRUE">6.11(3.0.1)</idVersion></refSysID></RefSystem></refSysInfo><spatRepInfo><VectSpatRep><geometObjs Name="Masks_Dissolve"><geoObjTyp><GeoObjTypCd value="002" Sync="TRUE"></GeoObjTypCd></geoObjTyp><geoObjCnt Sync="TRUE">0</geoObjCnt></geometObjs><topLvl><TopoLevCd value="001" Sync="TRUE"></TopoLevCd></topLvl></VectSpatRep></spatRepInfo><spdoinfo><ptvctinf><esriterm Name="Masks_Dissolve"><efeatyp Sync="TRUE">Simple</efeatyp><efeageom code="4" Sync="TRUE"></efeageom><esritopo Sync="TRUE">FALSE</esritopo><efeacnt Sync="TRUE">0</efeacnt><spindex Sync="TRUE">FALSE</spindex><linrefer Sync="TRUE">FALSE</linrefer></esriterm></ptvctinf></spdoinfo><eainfo><detailed Name="Masks_Dissolve"><enttyp><enttypl Sync="TRUE">Masks_Dissolve</enttypl><enttypt Sync="TRUE">Feature Class</enttypt><enttypc Sync="TRUE">0</enttypc></enttyp><attr><attrlabl Sync="TRUE">FID</attrlabl><attalias Sync="TRUE">FID</attalias><attrtype Sync="TRUE">OID</attrtype><attwidth Sync="TRUE">4</attwidth><atprecis Sync="TRUE">0</atprecis><attscale Sync="TRUE">0</attscale><attrdef Sync="TRUE">Internal feature number.</attrdef><attrdefs Sync="TRUE">Esri</attrdefs><attrdomv><udom Sync="TRUE">Sequential unique whole numbers that are automatically generated.</udom></attrdomv></attr><attr><attrlabl Sync="TRUE">Shape</attrlabl><attalias Sync="TRUE">Shape</attalias><attrtype Sync="TRUE">Geometry</attrtype><attwidth Sync="TRUE">0</attwidth><atprecis Sync="TRUE">0</atprecis><attscale Sync="TRUE">0</attscale><attrdef Sync="TRUE">Feature geometry.</attrdef><attrdefs Sync="TRUE">Esri</attrdefs><attrdomv><udom Sync="TRUE">Coordinates defining the features.</udom></attrdomv></attr><attr><attrlabl Sync="TRUE">Masks</attrlabl><attalias Sync="TRUE">Masks</attalias><attrtype Sync="TRUE">String</attrtype><attwidth Sync="TRUE">15</attwidth><atprecis Sync="TRUE">0</atprecis><attscale Sync="TRUE">0</attscale></attr></detailed></eainfo><mdDateSt Sync="TRUE">20221010</mdDateSt></metadata>
